[{"model": "contenttypes.contenttype", "pk": 1, "fields": {"app_label": "admin", "model": "logentry"}}, {"model": "contenttypes.contenttype", "pk": 2, "fields": {"app_label": "auth", "model": "permission"}}, {"model": "contenttypes.contenttype", "pk": 3, "fields": {"app_label": "auth", "model": "group"}}, {"model": "contenttypes.contenttype", "pk": 4, "fields": {"app_label": "contenttypes", "model": "contenttype"}}, {"model": "contenttypes.contenttype", "pk": 5, "fields": {"app_label": "sessions", "model": "session"}}, {"model": "contenttypes.contenttype", "pk": 6, "fields": {"app_label": "sites", "model": "site"}}, {"model": "contenttypes.contenttype", "pk": 7, "fields": {"app_label": "account", "model": "emailaddress"}}, {"model": "contenttypes.contenttype", "pk": 8, "fields": {"app_label": "account", "model": "emailconfirmation"}}, {"model": "contenttypes.contenttype", "pk": 9, "fields": {"app_label": "socialaccount", "model": "socialaccount"}}, {"model": "contenttypes.contenttype", "pk": 10, "fields": {"app_label": "socialaccount", "model": "socialapp"}}, {"model": "contenttypes.contenttype", "pk": 11, "fields": {"app_label": "socialaccount", "model": "socialtoken"}}, {"model": "contenttypes.contenttype", "pk": 12, "fields": {"app_label": "authtoken", "model": "token"}}, {"model": "contenttypes.contenttype", "pk": 13, "fields": {"app_label": "push_notifications", "model": "apnsdevice"}}, {"model": "contenttypes.contenttype", "pk": 14, "fields": {"app_label": "push_notifications", "model": "gcmdevice"}}, {"model": "contenttypes.contenttype", "pk": 15, "fields": {"app_label": "push_notifications", "model": "wnsdevice"}}, {"model": "contenttypes.contenttype", "pk": 16, "fields": {"app_label": "push_notifications", "model": "webpushdevice"}}, {"model": "contenttypes.contenttype", "pk": 17, "fields": {"app_label": "backend", "model": "comment"}}, {"model": "contenttypes.contenttype", "pk": 18, "fields": {"app_label": "backend", "model": "media"}}, {"model": "contenttypes.contenttype", "pk": 19, "fields": {"app_label": "backend", "model": "publisher"}}, {"model": "contenttypes.contenttype", "pk": 20, "fields": {"app_label": "backend", "model": "review"}}, {"model": "contenttypes.contenttype", "pk": 21, "fields": {"app_label": "backend", "model": "reviewvote"}}, {"model": "contenttypes.contenttype", "pk": 22, "fields": {"app_label": "users", "model": "user"}}, {"model": "contenttypes.contenttype", "pk": 23, "fields": {"app_label": "users", "model": "profile"}}, {"model": "contenttypes.contenttype", "pk": 24, "fields": {"app_label": "blog", "model": "blogpost"}}, {"model": "contenttypes.contenttype", "pk": 25, "fields": {"app_label": "blog", "model": "blogsection"}}, {"model": "contenttypes.contenttype", "pk": 26, "fields": {"app_label": "taggit", "model": "tag"}}, {"model": "contenttypes.contenttype", "pk": 27, "fields": {"app_label": "taggit", "model": "taggeditem"}}, {"model": "contenttypes.contenttype", "pk": 28, "fields": {"app_label": "backend", "model": "elitemangareview"}}, {"model": "contenttypes.contenttype", "pk": 29, "fields": {"app_label": "backend", "model": "list"}}, {"model": "contenttypes.contenttype", "pk": 30, "fields": {"app_label": "backend", "model": "listsection"}}, {"model": "contenttypes.contenttype", "pk": 31, "fields": {"app_label": "backend", "model": "taggedlist"}}, {"model": "contenttypes.contenttype", "pk": 32, "fields": {"app_label": "backend", "model": "mycustomtag"}}, {"model": "contenttypes.contenttype", "pk": 33, "fields": {"app_label": "backend", "model": "source"}}, {"model": "contenttypes.contenttype", "pk": 34, "fields": {"app_label": "backend", "model": "sourcelink"}}, {"model": "contenttypes.contenttype", "pk": 35, "fields": {"app_label": "backend", "model": "announcement"}}, {"model": "contenttypes.contenttype", "pk": 36, "fields": {"app_label": "backend", "model": "campaign"}}, {"model": "contenttypes.contenttype", "pk": 37, "fields": {"app_label": "backend", "model": "referral"}}, {"model": "contenttypes.contenttype", "pk": 38, "fields": {"app_label": "django_summernote", "model": "attachment"}}, {"model": "contenttypes.contenttype", "pk": 39, "fields": {"app_label": "jet", "model": "bookmark"}}, {"model": "contenttypes.contenttype", "pk": 40, "fields": {"app_label": "jet", "model": "pinnedapplication"}}, {"model": "contenttypes.contenttype", "pk": 41, "fields": {"app_label": "dashboard", "model": "userdashboardmodule"}}, {"model": "sessions.session", "pk": "04bpjugd50w32wtsu6ssa7zesn3sdv30", "fields": {"session_data": "N2YyMGE4MjNjYWY4ZjE2MWJlZjcxODZlYmM3YjFiMmMwZjgzMWM2OTp7Il9hdXRoX3VzZXJfaWQiOiIxIiwiX2F1dGhfdXNlcl9iYWNrZW5kIjoiZGphbmdvLmNvbnRyaWIuYXV0aC5iYWNrZW5kcy5Nb2RlbEJhY2tlbmQiLCJfYXV0aF91c2VyX2hhc2giOiI5YThjNzRhYjU1NDczYmE2ZTc0YWQ4NjI1MWEyOTMwYmVjYTE2NDMwIn0=", "expire_date": "2020-08-12T12:37:05.216Z"}}, {"model": "sessions.session", "pk": "05q2eqrppbylwlxt7h2pklx3mdpynyhq", "fields": {"session_data": "NzIxMzkzOWRmYzc0OWZlN2E5YmU4NTM3MWRlOGFkNDY0ZGFjNmFmMTp7ImFjY291bnRfdmVyaWZpZWRfZW1haWwiOm51bGwsIl9hdXRoX3VzZXJfaWQiOiIxNCIsIl9hdXRoX3VzZXJfYmFja2VuZCI6ImFsbGF1dGguYWNjb3VudC5hdXRoX2JhY2tlbmRzLkF1dGhlbnRpY2F0aW9uQmFja2VuZCIsIl9hdXRoX3VzZXJfaGFzaCI6IjM1ZWFlMTg1NjQ0OGI3NzdiZjZjY2RhY2QyZjRhNGQ5YzY4YmJiYjYifQ==", "expire_date": "2020-08-27T12:54:40.430Z"}}, {"model": "sessions.session", "pk": "0m1iw6aiwneivz6umalzusnnnxee4f6k", "fields": {"session_data": "OGI0ZTgyYjUyMjc2YWVhYTVmMjA0MjMyNWQ0YjExZTI3ZWY2N2U0Zjp7Il9hdXRoX3VzZXJfaWQiOiIxIiwiX2F1dGhfdXNlcl9iYWNrZW5kIjoiZGphbmdvLmNvbnRyaWIuYXV0aC5iYWNrZW5kcy5Nb2RlbEJhY2tlbmQiLCJfYXV0aF91c2VyX2hhc2giOiI3NTk4Zjk1NjkxYzJkM2E5ODlmNGRjNjI5YTE4MWRhMjkxYTRkMTZjIn0=", "expire_date": "2020-08-31T16:52:59.536Z"}}, {"model": "sessions.session", "pk": "0nlcuw9luvswo19o71vx2v3zd6w7rcg2", "fields": {"session_data": "NmNkZGRlYTc4OTA2YWI0ZDBmYjMxMDBhM2MxOTI5NGZlNzdjYTc4Zjp7InNvY2lhbGFjY291bnRfc29jaWFsbG9naW4iOnsiYWNjb3VudCI6eyJpZCI6bnVsbCwidXNlcl9pZCI6bnVsbCwicHJvdmlkZXIiOiJnb29nbGUiLCJ1aWQiOiIxMDU3ODQ5MzcyMDAwMTQ0OTA1ODgiLCJsYXN0X2xvZ2luIjpudWxsLCJkYXRlX2pvaW5lZCI6bnVsbCwiZXh0cmFfZGF0YSI6eyJpZCI6IjEwNTc4NDkzNzIwMDAxNDQ5MDU4OCIsImVtYWlsIjoiYWlyZW5vdjUwMEBnbWFpbC5jb20iLCJ2ZXJpZmllZF9lbWFpbCI6dHJ1ZSwibmFtZSI6IkF2b3dlZCIsImdpdmVuX25hbWUiOiJBdm93ZWQiLCJwaWN0dXJlIjoiaHR0cHM6Ly9saDMuZ29vZ2xldXNlcmNvbnRlbnQuY29tL2EtL0FPaDE0R2h1RmpMemdZUnp6R3ZZWGt2QmxoZzVzSFUzRTRlUTgtS2lST0VoIiwibG9jYWxlIjoiZW4ifX0sInVzZXIiOnsiaWQiOm51bGwsInBhc3N3b3JkIjoiITFhckkyUDhjTkJ1YzI1Mk0za08xeFJnZFMxdEVOcU5PVXhhUU1QZjQiLCJsYXN0X2xvZ2luIjpudWxsLCJpc19zdXBlcnVzZXIiOmZhbHNlLCJ1c2VybmFtZSI6IiIsImZpcnN0X25hbWUiOiJBdm93ZWQiLCJsYXN0X25hbWUiOiIiLCJpc19zdGFmZiI6ZmFsc2UsImlzX2FjdGl2ZSI6dHJ1ZSwiZGF0ZV9qb2luZWQiOiIyMDIwLTA4LTEzVDE2OjUxOjE4Ljg1M1oiLCJlbWFpbCI6ImFpcmVub3Y1MDBAZ21haWwuY29tIn0sInN0YXRlIjp7fSwiZW1haWxfYWRkcmVzc2VzIjpbeyJpZCI6bnVsbCwidXNlcl9pZCI6bnVsbCwiZW1haWwiOiJhaXJlbm92NTAwQGdtYWlsLmNvbSIsInZlcmlmaWVkIjp0cnVlLCJwcmltYXJ5Ijp0cnVlfV0sInRva2VuIjp7ImlkIjpudWxsLCJhcHBfaWQiOjEsImFjY291bnRfaWQiOm51bGwsInRva2VuIjoieWEyOS5hMEFmSDZTTUNBRkhScVlwT3pFdlFNTGdPX29ORGxzY3BHQU5TQ0FjQ1hLZEUydnlTak1ueTNoWkJNeHR2Y1VrbHRRbFdWdDJzVlZKaG9FVng5a3ZGUXpCVGlIT21rM00wRGFGMWZRUFVNMkd1RWY0M3BMbDc3QXVja2NvRHlOZWdvMk15SUZNc0V0bW5QSzJnejVfa25iMzZqLS1IdGdjeFZkWHpCIiwidG9rZW5fc2VjcmV0IjoiIiwiZXhwaXJlc19hdCI6bnVsbH19fQ==", "expire_date": "2020-08-27T16:51:18.873Z"}}, {"model": "sessions.session", "pk": "0o4sq55bcfjm1wsifzozuhknbb12hn32", "fields": {"session_data": "Nzc3OTI5YjRjNjUyYTg2NjY5NjljNzllMjk2YjBiOWI2MzYyNTM5Njp7Il9hdXRoX3VzZXJfaWQiOiIxNiIsIl9hdXRoX3VzZXJfYmFja2VuZCI6ImFsbGF1dGguYWNjb3VudC5hdXRoX2JhY2tlbmRzLkF1dGhlbnRpY2F0aW9uQmFja2VuZCIsIl9hdXRoX3VzZXJfaGFzaCI6IjcyNTM0OTZiMzZiNzM3ZDlkY2I2OWZiODZkOGEwMzE0Mjk3N2FkOTMifQ==", "expire_date": "2020-08-27T22:04:28.506Z"}}, {"model": "sessions.session", "pk": "0tanqda9xzeuwfa700e7o7kv1xsmi1tm", "fields": {"session_data": "NzU1YjIwNWJjZjE1ODhhZDYzZmJlOWU2NTk3Nzg3ZWY3NzZjNzk2OTp7fQ==", "expire_date": "2020-08-31T15:01:55.857Z"}}, {"model": "sessions.session", "pk": "1788yiet1qdxjg823gmg8n7bkl9jqe4d", "fields": {"session_data": "N2YyMGE4MjNjYWY4ZjE2MWJlZjcxODZlYmM3YjFiMmMwZjgzMWM2OTp7Il9hdXRoX3VzZXJfaWQiOiIxIiwiX2F1dGhfdXNlcl9iYWNrZW5kIjoiZGphbmdvLmNvbnRyaWIuYXV0aC5iYWNrZW5kcy5Nb2RlbEJhY2tlbmQiLCJfYXV0aF91c2VyX2hhc2giOiI5YThjNzRhYjU1NDczYmE2ZTc0YWQ4NjI1MWEyOTMwYmVjYTE2NDMwIn0=", "expire_date": "2020-06-02T10:51:44.250Z"}}, {"model": "sessions.session", "pk": "1me8salk6lzcl6a8t8kt5yx7ftypwmpu", "fields": {"session_data": "Nzc3OTI5YjRjNjUyYTg2NjY5NjljNzllMjk2YjBiOWI2MzYyNTM5Njp7Il9hdXRoX3VzZXJfaWQiOiIxNiIsIl9hdXRoX3VzZXJfYmFja2VuZCI6ImFsbGF1dGguYWNjb3VudC5hdXRoX2JhY2tlbmRzLkF1dGhlbnRpY2F0aW9uQmFja2VuZCIsIl9hdXRoX3VzZXJfaGFzaCI6IjcyNTM0OTZiMzZiNzM3ZDlkY2I2OWZiODZkOGEwMzE0Mjk3N2FkOTMifQ==", "expire_date": "2020-08-27T21:27:30.124Z"}}, {"model": "sessions.session", "pk": "1zbkag0uwhat9npfj7eqo6hw1fh1nd6o", "fields": {"session_data": "N2YyMGE4MjNjYWY4ZjE2MWJlZjcxODZlYmM3YjFiMmMwZjgzMWM2OTp7Il9hdXRoX3VzZXJfaWQiOiIxIiwiX2F1dGhfdXNlcl9iYWNrZW5kIjoiZGphbmdvLmNvbnRyaWIuYXV0aC5iYWNrZW5kcy5Nb2RlbEJhY2tlbmQiLCJfYXV0aF91c2VyX2hhc2giOiI5YThjNzRhYjU1NDczYmE2ZTc0YWQ4NjI1MWEyOTMwYmVjYTE2NDMwIn0=", "expire_date": "2020-08-13T13:50:19.842Z"}}, {"model": "sessions.session", "pk": "23bf7tcndje4mvmkqa3jfctemv3ujtxj", "fields": {"session_data": "MWU3ZDgzNTMxNzliNDVhNWY5YTRlNzkwMzY4MzFkYTA0OGNmZjM3ODp7ImFjY291bnRfdmVyaWZpZWRfZW1haWwiOm51bGwsIl9hdXRoX3VzZXJfaWQiOiIxOSIsIl9hdXRoX3VzZXJfYmFja2VuZCI6ImFsbGF1dGguYWNjb3VudC5hdXRoX2JhY2tlbmRzLkF1dGhlbnRpY2F0aW9uQmFja2VuZCIsIl9hdXRoX3VzZXJfaGFzaCI6IjEwMTJiNTY3MmUyMzU0ZGNjNTRhN2VlZGY5NjQyMzg3NjA2ZGJjMDcifQ==", "expire_date": "2020-08-28T18:47:51.610Z"}}, {"model": "sessions.session", "pk": "2m3zy04smlrragyx6w7tmnjaz1k1sc36", "fields": {"session_data": "N2YyMGE4MjNjYWY4ZjE2MWJlZjcxODZlYmM3YjFiMmMwZjgzMWM2OTp7Il9hdXRoX3VzZXJfaWQiOiIxIiwiX2F1dGhfdXNlcl9iYWNrZW5kIjoiZGphbmdvLmNvbnRyaWIuYXV0aC5iYWNrZW5kcy5Nb2RlbEJhY2tlbmQiLCJfYXV0aF91c2VyX2hhc2giOiI5YThjNzRhYjU1NDczYmE2ZTc0YWQ4NjI1MWEyOTMwYmVjYTE2NDMwIn0=", "expire_date": "2020-07-13T13:50:01.684Z"}}, {"model": "sessions.session", "pk": "3k6nz1i5iaq357jglt3xhw79fjtser0r", "fields": {"session_data": "OTU0OTQ2ODU4ODdhYzA4ODYxYTYyZTE3Y2QxNzEyMzEyZTZkNWZlNjp7Il9hdXRoX3VzZXJfaWQiOiIyMCIsIl9hdXRoX3VzZXJfYmFja2VuZCI6ImRqYW5nby5jb250cmliLmF1dGguYmFja2VuZHMuTW9kZWxCYWNrZW5kIiwiX2F1dGhfdXNlcl9oYXNoIjoiZGE4N2MxMTVmMGYzMmJiN2UwYjFjMzRlMTA1NzI0MmMzZGRlNjg4OCJ9", "expire_date": "2020-09-02T13:43:53.792Z"}}, {"model": "sessions.session", "pk": "47h41qpt4dpt14vb63cdp15274bfyyq8", "fields": {"session_data": "OGI0ZTgyYjUyMjc2YWVhYTVmMjA0MjMyNWQ0YjExZTI3ZWY2N2U0Zjp7Il9hdXRoX3VzZXJfaWQiOiIxIiwiX2F1dGhfdXNlcl9iYWNrZW5kIjoiZGphbmdvLmNvbnRyaWIuYXV0aC5iYWNrZW5kcy5Nb2RlbEJhY2tlbmQiLCJfYXV0aF91c2VyX2hhc2giOiI3NTk4Zjk1NjkxYzJkM2E5ODlmNGRjNjI5YTE4MWRhMjkxYTRkMTZjIn0=", "expire_date": "2020-08-31T17:17:09.238Z"}}, {"model": "sessions.session", "pk": "4w8axclrilbrgavoj87y1cy9bwhzh2na", "fields": {"session_data": "N2YyMGE4MjNjYWY4ZjE2MWJlZjcxODZlYmM3YjFiMmMwZjgzMWM2OTp7Il9hdXRoX3VzZXJfaWQiOiIxIiwiX2F1dGhfdXNlcl9iYWNrZW5kIjoiZGphbmdvLmNvbnRyaWIuYXV0aC5iYWNrZW5kcy5Nb2RlbEJhY2tlbmQiLCJfYXV0aF91c2VyX2hhc2giOiI5YThjNzRhYjU1NDczYmE2ZTc0YWQ4NjI1MWEyOTMwYmVjYTE2NDMwIn0=", "expire_date": "2020-08-13T13:41:09.478Z"}}, {"model": "sessions.session", "pk": "5d5u83kuycyly1o7kpugztalynell788", "fields": {"session_data": "OGI0ZTgyYjUyMjc2YWVhYTVmMjA0MjMyNWQ0YjExZTI3ZWY2N2U0Zjp7Il9hdXRoX3VzZXJfaWQiOiIxIiwiX2F1dGhfdXNlcl9iYWNrZW5kIjoiZGphbmdvLmNvbnRyaWIuYXV0aC5iYWNrZW5kcy5Nb2RlbEJhY2tlbmQiLCJfYXV0aF91c2VyX2hhc2giOiI3NTk4Zjk1NjkxYzJkM2E5ODlmNGRjNjI5YTE4MWRhMjkxYTRkMTZjIn0=", "expire_date": "2020-08-31T17:14:28.791Z"}}, {"model": "sessions.session", "pk": "65w47oytasbbzz7tewnx6oftqnfp0oe9", "fields": {"session_data": "N2YyMGE4MjNjYWY4ZjE2MWJlZjcxODZlYmM3YjFiMmMwZjgzMWM2OTp7Il9hdXRoX3VzZXJfaWQiOiIxIiwiX2F1dGhfdXNlcl9iYWNrZW5kIjoiZGphbmdvLmNvbnRyaWIuYXV0aC5iYWNrZW5kcy5Nb2RlbEJhY2tlbmQiLCJfYXV0aF91c2VyX2hhc2giOiI5YThjNzRhYjU1NDczYmE2ZTc0YWQ4NjI1MWEyOTMwYmVjYTE2NDMwIn0=", "expire_date": "2020-08-03T19:46:01.256Z"}}, {"model": "sessions.session", "pk": "6fowo6wtidspck9v7mn7zdhulm9n4gq7", "fields": {"session_data": "N2YyMGE4MjNjYWY4ZjE2MWJlZjcxODZlYmM3YjFiMmMwZjgzMWM2OTp7Il9hdXRoX3VzZXJfaWQiOiIxIiwiX2F1dGhfdXNlcl9iYWNrZW5kIjoiZGphbmdvLmNvbnRyaWIuYXV0aC5iYWNrZW5kcy5Nb2RlbEJhY2tlbmQiLCJfYXV0aF91c2VyX2hhc2giOiI5YThjNzRhYjU1NDczYmE2ZTc0YWQ4NjI1MWEyOTMwYmVjYTE2NDMwIn0=", "expire_date": "2020-08-10T11:01:00.919Z"}}, {"model": "sessions.session", "pk": "6kdx0dorszdxpcujgujfiiv0kjp86bug", "fields": {"session_data": "MmQwNDZiMzVjMDY1OWEwMDEyYzkzMDBhZjAxYWU2NDE5NDgwYWIwZTp7Il9hdXRoX3VzZXJfaWQiOiIxMyIsIl9hdXRoX3VzZXJfYmFja2VuZCI6ImFsbGF1dGguYWNjb3VudC5hdXRoX2JhY2tlbmRzLkF1dGhlbnRpY2F0aW9uQmFja2VuZCIsIl9hdXRoX3VzZXJfaGFzaCI6Ijg0NmMzOGQ1MmE0NmQ0N2U3ODk0MjcxNmUxNGM3OWZkOTExODYzMjYifQ==", "expire_date": "2020-08-27T13:00:36.546Z"}}, {"model": "sessions.session", "pk": "6kjuduejz8wzjpvjf21gd55f6t404zyw", "fields": {"session_data": "N2YyMGE4MjNjYWY4ZjE2MWJlZjcxODZlYmM3YjFiMmMwZjgzMWM2OTp7Il9hdXRoX3VzZXJfaWQiOiIxIiwiX2F1dGhfdXNlcl9iYWNrZW5kIjoiZGphbmdvLmNvbnRyaWIuYXV0aC5iYWNrZW5kcy5Nb2RlbEJhY2tlbmQiLCJfYXV0aF91c2VyX2hhc2giOiI5YThjNzRhYjU1NDczYmE2ZTc0YWQ4NjI1MWEyOTMwYmVjYTE2NDMwIn0=", "expire_date": "2020-08-27T17:16:05.149Z"}}, {"model": "sessions.session", "pk": "7d3rouolx1lucw3ez3rvwd95d0ln6anv", "fields": {"session_data": "MmQwNDZiMzVjMDY1OWEwMDEyYzkzMDBhZjAxYWU2NDE5NDgwYWIwZTp7Il9hdXRoX3VzZXJfaWQiOiIxMyIsIl9hdXRoX3VzZXJfYmFja2VuZCI6ImFsbGF1dGguYWNjb3VudC5hdXRoX2JhY2tlbmRzLkF1dGhlbnRpY2F0aW9uQmFja2VuZCIsIl9hdXRoX3VzZXJfaGFzaCI6Ijg0NmMzOGQ1MmE0NmQ0N2U3ODk0MjcxNmUxNGM3OWZkOTExODYzMjYifQ==", "expire_date": "2020-08-27T12:54:00.096Z"}}, {"model": "sessions.session", "pk": "7o0ykm2c13ap5kxvdf3fqsbi7ubt3kue", "fields": {"session_data": "N2YyMGE4MjNjYWY4ZjE2MWJlZjcxODZlYmM3YjFiMmMwZjgzMWM2OTp7Il9hdXRoX3VzZXJfaWQiOiIxIiwiX2F1dGhfdXNlcl9iYWNrZW5kIjoiZGphbmdvLmNvbnRyaWIuYXV0aC5iYWNrZW5kcy5Nb2RlbEJhY2tlbmQiLCJfYXV0aF91c2VyX2hhc2giOiI5YThjNzRhYjU1NDczYmE2ZTc0YWQ4NjI1MWEyOTMwYmVjYTE2NDMwIn0=", "expire_date": "2020-08-03T11:58:06.239Z"}}, {"model": "sessions.session", "pk": "8kkq59357uu5bss84696mx3pi9bie2fy", "fields": {"session_data": "OGI0ZTgyYjUyMjc2YWVhYTVmMjA0MjMyNWQ0YjExZTI3ZWY2N2U0Zjp7Il9hdXRoX3VzZXJfaWQiOiIxIiwiX2F1dGhfdXNlcl9iYWNrZW5kIjoiZGphbmdvLmNvbnRyaWIuYXV0aC5iYWNrZW5kcy5Nb2RlbEJhY2tlbmQiLCJfYXV0aF91c2VyX2hhc2giOiI3NTk4Zjk1NjkxYzJkM2E5ODlmNGRjNjI5YTE4MWRhMjkxYTRkMTZjIn0=", "expire_date": "2020-09-01T21:37:37.882Z"}}, {"model": "sessions.session", "pk": "8rses39d174acqrirphp2puasu96t0rt", "fields": {"session_data": "Nzc3OTI5YjRjNjUyYTg2NjY5NjljNzllMjk2YjBiOWI2MzYyNTM5Njp7Il9hdXRoX3VzZXJfaWQiOiIxNiIsIl9hdXRoX3VzZXJfYmFja2VuZCI6ImFsbGF1dGguYWNjb3VudC5hdXRoX2JhY2tlbmRzLkF1dGhlbnRpY2F0aW9uQmFja2VuZCIsIl9hdXRoX3VzZXJfaGFzaCI6IjcyNTM0OTZiMzZiNzM3ZDlkY2I2OWZiODZkOGEwMzE0Mjk3N2FkOTMifQ==", "expire_date": "2020-08-31T15:12:51.120Z"}}, {"model": "sessions.session", "pk": "9a0854uqvra4muzcgytcjydeah5kxm8m", "fields": {"session_data": "N2YyMGE4MjNjYWY4ZjE2MWJlZjcxODZlYmM3YjFiMmMwZjgzMWM2OTp7Il9hdXRoX3VzZXJfaWQiOiIxIiwiX2F1dGhfdXNlcl9iYWNrZW5kIjoiZGphbmdvLmNvbnRyaWIuYXV0aC5iYWNrZW5kcy5Nb2RlbEJhY2tlbmQiLCJfYXV0aF91c2VyX2hhc2giOiI5YThjNzRhYjU1NDczYmE2ZTc0YWQ4NjI1MWEyOTMwYmVjYTE2NDMwIn0=", "expire_date": "2020-08-11T17:47:59.417Z"}}, {"model": "sessions.session", "pk": "9da3wyleazh4neiqb4ienw4x3xr27848", "fields": {"session_data": "N2YyMGE4MjNjYWY4ZjE2MWJlZjcxODZlYmM3YjFiMmMwZjgzMWM2OTp7Il9hdXRoX3VzZXJfaWQiOiIxIiwiX2F1dGhfdXNlcl9iYWNrZW5kIjoiZGphbmdvLmNvbnRyaWIuYXV0aC5iYWNrZW5kcy5Nb2RlbEJhY2tlbmQiLCJfYXV0aF91c2VyX2hhc2giOiI5YThjNzRhYjU1NDczYmE2ZTc0YWQ4NjI1MWEyOTMwYmVjYTE2NDMwIn0=", "expire_date": "2020-08-17T14:39:06.080Z"}}, {"model": "sessions.session", "pk": "9u8prr8r9khkmedhjulqb87f4sg30uff", "fields": {"session_data": "N2YyMGE4MjNjYWY4ZjE2MWJlZjcxODZlYmM3YjFiMmMwZjgzMWM2OTp7Il9hdXRoX3VzZXJfaWQiOiIxIiwiX2F1dGhfdXNlcl9iYWNrZW5kIjoiZGphbmdvLmNvbnRyaWIuYXV0aC5iYWNrZW5kcy5Nb2RlbEJhY2tlbmQiLCJfYXV0aF91c2VyX2hhc2giOiI5YThjNzRhYjU1NDczYmE2ZTc0YWQ4NjI1MWEyOTMwYmVjYTE2NDMwIn0=", "expire_date": "2020-08-05T13:09:46.078Z"}}, {"model": "sessions.session", "pk": "9vgl2kutvljcktklfkyukftp7d2qmn1f", "fields": {"session_data": "OGI0ZTgyYjUyMjc2YWVhYTVmMjA0MjMyNWQ0YjExZTI3ZWY2N2U0Zjp7Il9hdXRoX3VzZXJfaWQiOiIxIiwiX2F1dGhfdXNlcl9iYWNrZW5kIjoiZGphbmdvLmNvbnRyaWIuYXV0aC5iYWNrZW5kcy5Nb2RlbEJhY2tlbmQiLCJfYXV0aF91c2VyX2hhc2giOiI3NTk4Zjk1NjkxYzJkM2E5ODlmNGRjNjI5YTE4MWRhMjkxYTRkMTZjIn0=", "expire_date": "2020-08-31T17:15:11.323Z"}}, {"model": "sessions.session", "pk": "a9vhx49dw2drm9z9ejfq18hry0v8jej0", "fields": {"session_data": "Nzc3OTI5YjRjNjUyYTg2NjY5NjljNzllMjk2YjBiOWI2MzYyNTM5Njp7Il9hdXRoX3VzZXJfaWQiOiIxNiIsIl9hdXRoX3VzZXJfYmFja2VuZCI6ImFsbGF1dGguYWNjb3VudC5hdXRoX2JhY2tlbmRzLkF1dGhlbnRpY2F0aW9uQmFja2VuZCIsIl9hdXRoX3VzZXJfaGFzaCI6IjcyNTM0OTZiMzZiNzM3ZDlkY2I2OWZiODZkOGEwMzE0Mjk3N2FkOTMifQ==", "expire_date": "2020-08-27T21:55:06.701Z"}}, {"model": "sessions.session", "pk": "af4f53vk2u49y4dj656xpw35im85baak", "fields": {"session_data": "N2YyMGE4MjNjYWY4ZjE2MWJlZjcxODZlYmM3YjFiMmMwZjgzMWM2OTp7Il9hdXRoX3VzZXJfaWQiOiIxIiwiX2F1dGhfdXNlcl9iYWNrZW5kIjoiZGphbmdvLmNvbnRyaWIuYXV0aC5iYWNrZW5kcy5Nb2RlbEJhY2tlbmQiLCJfYXV0aF91c2VyX2hhc2giOiI5YThjNzRhYjU1NDczYmE2ZTc0YWQ4NjI1MWEyOTMwYmVjYTE2NDMwIn0=", "expire_date": "2020-07-27T16:27:19.270Z"}}, {"model": "sessions.session", "pk": "afpc01vxax7q1ultpk75x2pm585mbn2h", "fields": {"session_data": "N2YyMGE4MjNjYWY4ZjE2MWJlZjcxODZlYmM3YjFiMmMwZjgzMWM2OTp7Il9hdXRoX3VzZXJfaWQiOiIxIiwiX2F1dGhfdXNlcl9iYWNrZW5kIjoiZGphbmdvLmNvbnRyaWIuYXV0aC5iYWNrZW5kcy5Nb2RlbEJhY2tlbmQiLCJfYXV0aF91c2VyX2hhc2giOiI5YThjNzRhYjU1NDczYmE2ZTc0YWQ4NjI1MWEyOTMwYmVjYTE2NDMwIn0=", "expire_date": "2020-06-12T12:59:22.397Z"}}, {"model": "sessions.session", "pk": "aghocfemd59xtqln7b1us34g1g89tdat", "fields": {"session_data": "MmQwNDZiMzVjMDY1OWEwMDEyYzkzMDBhZjAxYWU2NDE5NDgwYWIwZTp7Il9hdXRoX3VzZXJfaWQiOiIxMyIsIl9hdXRoX3VzZXJfYmFja2VuZCI6ImFsbGF1dGguYWNjb3VudC5hdXRoX2JhY2tlbmRzLkF1dGhlbnRpY2F0aW9uQmFja2VuZCIsIl9hdXRoX3VzZXJfaGFzaCI6Ijg0NmMzOGQ1MmE0NmQ0N2U3ODk0MjcxNmUxNGM3OWZkOTExODYzMjYifQ==", "expire_date": "2020-08-27T13:09:31.942Z"}}, {"model": "sessions.session", "pk": "b07nxu2lzh87v07znkfpup7ha1h649yb", "fields": {"session_data": "OTU0OTQ2ODU4ODdhYzA4ODYxYTYyZTE3Y2QxNzEyMzEyZTZkNWZlNjp7Il9hdXRoX3VzZXJfaWQiOiIyMCIsIl9hdXRoX3VzZXJfYmFja2VuZCI6ImRqYW5nby5jb250cmliLmF1dGguYmFja2VuZHMuTW9kZWxCYWNrZW5kIiwiX2F1dGhfdXNlcl9oYXNoIjoiZGE4N2MxMTVmMGYzMmJiN2UwYjFjMzRlMTA1NzI0MmMzZGRlNjg4OCJ9", "expire_date": "2020-08-31T17:07:36.656Z"}}, {"model": "sessions.session", "pk": "b6xemfzicso23jxut00uggmotmio85ju", "fields": {"session_data": "OGI0ZTgyYjUyMjc2YWVhYTVmMjA0MjMyNWQ0YjExZTI3ZWY2N2U0Zjp7Il9hdXRoX3VzZXJfaWQiOiIxIiwiX2F1dGhfdXNlcl9iYWNrZW5kIjoiZGphbmdvLmNvbnRyaWIuYXV0aC5iYWNrZW5kcy5Nb2RlbEJhY2tlbmQiLCJfYXV0aF91c2VyX2hhc2giOiI3NTk4Zjk1NjkxYzJkM2E5ODlmNGRjNjI5YTE4MWRhMjkxYTRkMTZjIn0=", "expire_date": "2020-09-14T16:56:08.854Z"}}, {"model": "sessions.session", "pk": "d76fh0mocgg32hr924hjtdi8layr7txf", "fields": {"session_data": "N2YyMGE4MjNjYWY4ZjE2MWJlZjcxODZlYmM3YjFiMmMwZjgzMWM2OTp7Il9hdXRoX3VzZXJfaWQiOiIxIiwiX2F1dGhfdXNlcl9iYWNrZW5kIjoiZGphbmdvLmNvbnRyaWIuYXV0aC5iYWNrZW5kcy5Nb2RlbEJhY2tlbmQiLCJfYXV0aF91c2VyX2hhc2giOiI5YThjNzRhYjU1NDczYmE2ZTc0YWQ4NjI1MWEyOTMwYmVjYTE2NDMwIn0=", "expire_date": "2020-07-31T11:20:07.704Z"}}, {"model": "sessions.session", "pk": "df2ta6qnr1jlwhsz8yyy8911enb6d7jd", "fields": {"session_data": "N2YyMGE4MjNjYWY4ZjE2MWJlZjcxODZlYmM3YjFiMmMwZjgzMWM2OTp7Il9hdXRoX3VzZXJfaWQiOiIxIiwiX2F1dGhfdXNlcl9iYWNrZW5kIjoiZGphbmdvLmNvbnRyaWIuYXV0aC5iYWNrZW5kcy5Nb2RlbEJhY2tlbmQiLCJfYXV0aF91c2VyX2hhc2giOiI5YThjNzRhYjU1NDczYmE2ZTc0YWQ4NjI1MWEyOTMwYmVjYTE2NDMwIn0=", "expire_date": "2020-05-01T12:26:19.367Z"}}, {"model": "sessions.session", "pk": "dh4wk0f3egd7m2urry7lnno7tpforp76", "fields": {"session_data": "M2I0NDczMDNiOGY0MWIzY2QyMTY4NDk2NWU3ZDZmZDRkZDQ2NjhiZDp7ImFjY291bnRfdmVyaWZpZWRfZW1haWwiOm51bGwsIl9hdXRoX3VzZXJfaWQiOiIxOCIsIl9hdXRoX3VzZXJfYmFja2VuZCI6ImFsbGF1dGguYWNjb3VudC5hdXRoX2JhY2tlbmRzLkF1dGhlbnRpY2F0aW9uQmFja2VuZCIsIl9hdXRoX3VzZXJfaGFzaCI6IjkxODI2ODMzZDAxMzkxNDg3OWM3NDQwOTM0MmVjMWQ0MTBkYjM5OWIifQ==", "expire_date": "2020-08-28T18:32:06.013Z"}}, {"model": "sessions.session", "pk": "dvtnd85toot9yu02m4g04t8i4f5s3lry", "fields": {"session_data": "N2YyMGE4MjNjYWY4ZjE2MWJlZjcxODZlYmM3YjFiMmMwZjgzMWM2OTp7Il9hdXRoX3VzZXJfaWQiOiIxIiwiX2F1dGhfdXNlcl9iYWNrZW5kIjoiZGphbmdvLmNvbnRyaWIuYXV0aC5iYWNrZW5kcy5Nb2RlbEJhY2tlbmQiLCJfYXV0aF91c2VyX2hhc2giOiI5YThjNzRhYjU1NDczYmE2ZTc0YWQ4NjI1MWEyOTMwYmVjYTE2NDMwIn0=", "expire_date": "2020-07-31T11:15:50.242Z"}}, {"model": "sessions.session", "pk": "dxxhaawdj6v6jbyzf7h8ve8oagm20eh6", "fields": {"session_data": "N2YyMGE4MjNjYWY4ZjE2MWJlZjcxODZlYmM3YjFiMmMwZjgzMWM2OTp7Il9hdXRoX3VzZXJfaWQiOiIxIiwiX2F1dGhfdXNlcl9iYWNrZW5kIjoiZGphbmdvLmNvbnRyaWIuYXV0aC5iYWNrZW5kcy5Nb2RlbEJhY2tlbmQiLCJfYXV0aF91c2VyX2hhc2giOiI5YThjNzRhYjU1NDczYmE2ZTc0YWQ4NjI1MWEyOTMwYmVjYTE2NDMwIn0=", "expire_date": "2020-08-06T15:38:41.501Z"}}, {"model": "sessions.session", "pk": "e4mtuye164z2d0z9orfht76h2ezzhovf", "fields": {"session_data": "Nzc3OTI5YjRjNjUyYTg2NjY5NjljNzllMjk2YjBiOWI2MzYyNTM5Njp7Il9hdXRoX3VzZXJfaWQiOiIxNiIsIl9hdXRoX3VzZXJfYmFja2VuZCI6ImFsbGF1dGguYWNjb3VudC5hdXRoX2JhY2tlbmRzLkF1dGhlbnRpY2F0aW9uQmFja2VuZCIsIl9hdXRoX3VzZXJfaGFzaCI6IjcyNTM0OTZiMzZiNzM3ZDlkY2I2OWZiODZkOGEwMzE0Mjk3N2FkOTMifQ==", "expire_date": "2020-08-27T22:02:34.906Z"}}, {"model": "sessions.session", "pk": "ekfce8ko01gd3pvlqlwrvm7l64m2yp79", "fields": {"session_data": "OTU0OTQ2ODU4ODdhYzA4ODYxYTYyZTE3Y2QxNzEyMzEyZTZkNWZlNjp7Il9hdXRoX3VzZXJfaWQiOiIyMCIsIl9hdXRoX3VzZXJfYmFja2VuZCI6ImRqYW5nby5jb250cmliLmF1dGguYmFja2VuZHMuTW9kZWxCYWNrZW5kIiwiX2F1dGhfdXNlcl9oYXNoIjoiZGE4N2MxMTVmMGYzMmJiN2UwYjFjMzRlMTA1NzI0MmMzZGRlNjg4OCJ9", "expire_date": "2020-08-31T16:58:57.804Z"}}, {"model": "sessions.session", "pk": "ektu13vtosrh4vtzfsg9t5wzbxw0rlb5", "fields": {"session_data": "ZjQ4MWE3MThkMjI2MjRkNTMxM2MxNDczYjVjN2ZjZDk2NDFlMzhlMzp7InNvY2lhbGFjY291bnRfc29jaWFsbG9naW4iOnsiYWNjb3VudCI6eyJpZCI6bnVsbCwidXNlcl9pZCI6bnVsbCwicHJvdmlkZXIiOiJnb29nbGUiLCJ1aWQiOiIxMDU3ODQ5MzcyMDAwMTQ0OTA1ODgiLCJsYXN0X2xvZ2luIjpudWxsLCJkYXRlX2pvaW5lZCI6bnVsbCwiZXh0cmFfZGF0YSI6eyJpZCI6IjEwNTc4NDkzNzIwMDAxNDQ5MDU4OCIsImVtYWlsIjoiYWlyZW5vdjUwMEBnbWFpbC5jb20iLCJ2ZXJpZmllZF9lbWFpbCI6dHJ1ZSwibmFtZSI6IkF2b3dlZCIsImdpdmVuX25hbWUiOiJBdm93ZWQiLCJwaWN0dXJlIjoiaHR0cHM6Ly9saDMuZ29vZ2xldXNlcmNvbnRlbnQuY29tL2EtL0FPaDE0R2h1RmpMemdZUnp6R3ZZWGt2QmxoZzVzSFUzRTRlUTgtS2lST0VoIiwibG9jYWxlIjoiZW4ifX0sInVzZXIiOnsiaWQiOm51bGwsInBhc3N3b3JkIjoiIURSNTludVNGY2NRNzdJa2dyelB0ekhBaVVSSktkUDdOMHg4bHlMbGsiLCJsYXN0X2xvZ2luIjpudWxsLCJpc19zdXBlcnVzZXIiOmZhbHNlLCJ1c2VybmFtZSI6IiIsImZpcnN0X25hbWUiOiJBdm93ZWQiLCJsYXN0X25hbWUiOiIiLCJpc19zdGFmZiI6ZmFsc2UsImlzX2FjdGl2ZSI6dHJ1ZSwiZGF0ZV9qb2luZWQiOiIyMDIwLTA4LTEzVDEyOjQxOjU4LjQwM1oiLCJlbWFpbCI6ImFpcmVub3Y1MDBAZ21haWwuY29tIn0sInN0YXRlIjp7fSwiZW1haWxfYWRkcmVzc2VzIjpbeyJpZCI6bnVsbCwidXNlcl9pZCI6bnVsbCwiZW1haWwiOiJhaXJlbm92NTAwQGdtYWlsLmNvbSIsInZlcmlmaWVkIjp0cnVlLCJwcmltYXJ5Ijp0cnVlfV0sInRva2VuIjp7ImlkIjpudWxsLCJhcHBfaWQiOjEsImFjY291bnRfaWQiOm51bGwsInRva2VuIjoieWEyOS5hMEFmSDZTTUJDekhmQWV3OGtuWDNobS1ScE1aRHZyX3RXa0hiN3M0N3NzV3dJbGxzY2JScU9ZRU5lY1RYYjRIY2VSc3RpVDQ5cmpwaEw2M3ZnMGZyWVZodjFRWnlrbTNkamdqVFhibXBGenBFZTgyTUZlRTFQakwwa01mc2xPSEFScVBSdG1BOGVlMUJ1NzlERFhFcG02ZVVLX2JnX2ZzQjRhTkUiLCJ0b2tlbl9zZWNyZXQiOiIiLCJleHBpcmVzX2F0IjpudWxsfX19", "expire_date": "2020-08-27T12:41:58.422Z"}}, {"model": "sessions.session", "pk": "euls5wzdc8n08l4ipokqrqhdkc8ce5pi", "fields": {"session_data": "N2YyMGE4MjNjYWY4ZjE2MWJlZjcxODZlYmM3YjFiMmMwZjgzMWM2OTp7Il9hdXRoX3VzZXJfaWQiOiIxIiwiX2F1dGhfdXNlcl9iYWNrZW5kIjoiZGphbmdvLmNvbnRyaWIuYXV0aC5iYWNrZW5kcy5Nb2RlbEJhY2tlbmQiLCJfYXV0aF91c2VyX2hhc2giOiI5YThjNzRhYjU1NDczYmE2ZTc0YWQ4NjI1MWEyOTMwYmVjYTE2NDMwIn0=", "expire_date": "2020-07-28T17:05:22.162Z"}}, {"model": "sessions.session", "pk": "fj8l6rwivq3miz0nlxdsu23nbzp65abb", "fields": {"session_data": "MmQwNDZiMzVjMDY1OWEwMDEyYzkzMDBhZjAxYWU2NDE5NDgwYWIwZTp7Il9hdXRoX3VzZXJfaWQiOiIxMyIsIl9hdXRoX3VzZXJfYmFja2VuZCI6ImFsbGF1dGguYWNjb3VudC5hdXRoX2JhY2tlbmRzLkF1dGhlbnRpY2F0aW9uQmFja2VuZCIsIl9hdXRoX3VzZXJfaGFzaCI6Ijg0NmMzOGQ1MmE0NmQ0N2U3ODk0MjcxNmUxNGM3OWZkOTExODYzMjYifQ==", "expire_date": "2020-08-27T13:01:17.921Z"}}, {"model": "sessions.session", "pk": "fneim93weh6yyw26t62s9nfsv68kaenj", "fields": {"session_data": "N2YyMGE4MjNjYWY4ZjE2MWJlZjcxODZlYmM3YjFiMmMwZjgzMWM2OTp7Il9hdXRoX3VzZXJfaWQiOiIxIiwiX2F1dGhfdXNlcl9iYWNrZW5kIjoiZGphbmdvLmNvbnRyaWIuYXV0aC5iYWNrZW5kcy5Nb2RlbEJhY2tlbmQiLCJfYXV0aF91c2VyX2hhc2giOiI5YThjNzRhYjU1NDczYmE2ZTc0YWQ4NjI1MWEyOTMwYmVjYTE2NDMwIn0=", "expire_date": "2020-08-27T17:16:05.940Z"}}, {"model": "sessions.session", "pk": "fw2pwbgxmb2bwv92dfj1c5x3yyxjbgn9", "fields": {"session_data": "OGI0ZTgyYjUyMjc2YWVhYTVmMjA0MjMyNWQ0YjExZTI3ZWY2N2U0Zjp7Il9hdXRoX3VzZXJfaWQiOiIxIiwiX2F1dGhfdXNlcl9iYWNrZW5kIjoiZGphbmdvLmNvbnRyaWIuYXV0aC5iYWNrZW5kcy5Nb2RlbEJhY2tlbmQiLCJfYXV0aF91c2VyX2hhc2giOiI3NTk4Zjk1NjkxYzJkM2E5ODlmNGRjNjI5YTE4MWRhMjkxYTRkMTZjIn0=", "expire_date": "2020-08-31T16:54:43.783Z"}}, {"model": "sessions.session", "pk": "g04yip6x6n0x5qe0yymw5jlpvxjgyhex", "fields": {"session_data": "NTRhZTI1MGI4YTc4YTFmNmJjM2Y2NWY1ZGM1NTc0ZWZlOTMyZjRiNDp7ImFjY291bnRfdmVyaWZpZWRfZW1haWwiOm51bGwsIl9hdXRoX3VzZXJfaWQiOiIzIiwiX2F1dGhfdXNlcl9iYWNrZW5kIjoiZGphbmdvLmNvbnRyaWIuYXV0aC5iYWNrZW5kcy5Nb2RlbEJhY2tlbmQiLCJfYXV0aF91c2VyX2hhc2giOiI4OWY5ZGUxMGU4YWExZWFkYTFjOGEyNDQyNjIwMjFmOTVlYjA1NTQ1In0=", "expire_date": "2020-07-25T14:52:05.801Z"}}, {"model": "sessions.session", "pk": "gi8f82ebb50z44pib8lkkprzbxybzw8h", "fields": {"session_data": "OGI0ZTgyYjUyMjc2YWVhYTVmMjA0MjMyNWQ0YjExZTI3ZWY2N2U0Zjp7Il9hdXRoX3VzZXJfaWQiOiIxIiwiX2F1dGhfdXNlcl9iYWNrZW5kIjoiZGphbmdvLmNvbnRyaWIuYXV0aC5iYWNrZW5kcy5Nb2RlbEJhY2tlbmQiLCJfYXV0aF91c2VyX2hhc2giOiI3NTk4Zjk1NjkxYzJkM2E5ODlmNGRjNjI5YTE4MWRhMjkxYTRkMTZjIn0=", "expire_date": "2020-08-31T16:53:37.074Z"}}, {"model": "sessions.session", "pk": "gkzfv45dsnbyespmorv0c24ojxol1gqo", "fields": {"session_data": "ODVjNjY4YmU4ODE1YWExNzgwMmU4Zjc5N2VlYzI0OWFlNjA4MzM3Zjp7InNvY2lhbGFjY291bnRfc29jaWFsbG9naW4iOnsiYWNjb3VudCI6eyJpZCI6bnVsbCwidXNlcl9pZCI6bnVsbCwicHJvdmlkZXIiOiJnb29nbGUiLCJ1aWQiOiIxMDU3ODQ5MzcyMDAwMTQ0OTA1ODgiLCJsYXN0X2xvZ2luIjpudWxsLCJkYXRlX2pvaW5lZCI6bnVsbCwiZXh0cmFfZGF0YSI6eyJpZCI6IjEwNTc4NDkzNzIwMDAxNDQ5MDU4OCIsImVtYWlsIjoiYWlyZW5vdjUwMEBnbWFpbC5jb20iLCJ2ZXJpZmllZF9lbWFpbCI6dHJ1ZSwibmFtZSI6IkF2b3dlZCIsImdpdmVuX25hbWUiOiJBdm93ZWQiLCJwaWN0dXJlIjoiaHR0cHM6Ly9saDMuZ29vZ2xldXNlcmNvbnRlbnQuY29tL2EtL0FPaDE0R2h1RmpMemdZUnp6R3ZZWGt2QmxoZzVzSFUzRTRlUTgtS2lST0VoIiwibG9jYWxlIjoiZW4ifX0sInVzZXIiOnsiaWQiOm51bGwsInBhc3N3b3JkIjoiIW4wTmVPOG1BYTF0a0J4azRXZ2RYdHZid0l3cW9uSHpyRmZsWmoyNXgiLCJsYXN0X2xvZ2luIjpudWxsLCJpc19zdXBlcnVzZXIiOmZhbHNlLCJ1c2VybmFtZSI6IiIsImZpcnN0X25hbWUiOiJBdm93ZWQiLCJsYXN0X25hbWUiOiIiLCJpc19zdGFmZiI6ZmFsc2UsImlzX2FjdGl2ZSI6dHJ1ZSwiZGF0ZV9qb2luZWQiOiIyMDIwLTA4LTEzVDEzOjA5OjA4Ljg2NVoiLCJlbWFpbCI6ImFpcmVub3Y1MDBAZ21haWwuY29tIn0sInN0YXRlIjp7fSwiZW1haWxfYWRkcmVzc2VzIjpbeyJpZCI6bnVsbCwidXNlcl9pZCI6bnVsbCwiZW1haWwiOiJhaXJlbm92NTAwQGdtYWlsLmNvbSIsInZlcmlmaWVkIjp0cnVlLCJwcmltYXJ5Ijp0cnVlfV0sInRva2VuIjp7ImlkIjpudWxsLCJhcHBfaWQiOjEsImFjY291bnRfaWQiOm51bGwsInRva2VuIjoieWEyOS5hMEFmSDZTTUFSXzlhOVRMd1RQYzhWZ2FmWVhscEo1ZE83ZThxTEZFZU51VW0wSDJLODMyeS1RUmU5V1NPRnZITjA2UHgtU0lMem1WQjdHdzA1aXFrTkVMb1FiSnZzdmc1NlRjWllFRFAtbnB3NGlDRmlwdlhXb0pxRGVPanlSejdWREw0ekxYbF9xOXo5Z2ItckFGVlowRDBlb240d1JoZzJRU2ciLCJ0b2tlbl9zZWNyZXQiOiIiLCJleHBpcmVzX2F0IjpudWxsfX19", "expire_date": "2020-08-27T13:09:08.882Z"}}, {"model": "sessions.session", "pk": "gmxlhqdljnsp4oxl724ryfldj2u859h8", "fields": {"session_data": "N2YyMGE4MjNjYWY4ZjE2MWJlZjcxODZlYmM3YjFiMmMwZjgzMWM2OTp7Il9hdXRoX3VzZXJfaWQiOiIxIiwiX2F1dGhfdXNlcl9iYWNrZW5kIjoiZGphbmdvLmNvbnRyaWIuYXV0aC5iYWNrZW5kcy5Nb2RlbEJhY2tlbmQiLCJfYXV0aF91c2VyX2hhc2giOiI5YThjNzRhYjU1NDczYmE2ZTc0YWQ4NjI1MWEyOTMwYmVjYTE2NDMwIn0=", "expire_date": "2020-07-31T11:31:02.022Z"}}, {"model": "sessions.session", "pk": "h43alhy2ro558sl20llhl26rxl3fknve", "fields": {"session_data": "N2YyMGE4MjNjYWY4ZjE2MWJlZjcxODZlYmM3YjFiMmMwZjgzMWM2OTp7Il9hdXRoX3VzZXJfaWQiOiIxIiwiX2F1dGhfdXNlcl9iYWNrZW5kIjoiZGphbmdvLmNvbnRyaWIuYXV0aC5iYWNrZW5kcy5Nb2RlbEJhY2tlbmQiLCJfYXV0aF91c2VyX2hhc2giOiI5YThjNzRhYjU1NDczYmE2ZTc0YWQ4NjI1MWEyOTMwYmVjYTE2NDMwIn0=", "expire_date": "2020-06-12T12:28:46.139Z"}}, {"model": "sessions.session", "pk": "h6klmalkrscxqgf2f9i775n75twzher6", "fields": {"session_data": "OGI0ZTgyYjUyMjc2YWVhYTVmMjA0MjMyNWQ0YjExZTI3ZWY2N2U0Zjp7Il9hdXRoX3VzZXJfaWQiOiIxIiwiX2F1dGhfdXNlcl9iYWNrZW5kIjoiZGphbmdvLmNvbnRyaWIuYXV0aC5iYWNrZW5kcy5Nb2RlbEJhY2tlbmQiLCJfYXV0aF91c2VyX2hhc2giOiI3NTk4Zjk1NjkxYzJkM2E5ODlmNGRjNjI5YTE4MWRhMjkxYTRkMTZjIn0=", "expire_date": "2020-08-30T11:08:25.544Z"}}, {"model": "sessions.session", "pk": "i86atkgh07ibv6h0tg62av4lre0yoa1d", "fields": {"session_data": "OTQzYzdiZGExODM2YTU1Y2I3YWJkOTc1YTM4MzJhY2MyYTkzYmQzNzp7InNvY2lhbGFjY291bnRfc29jaWFsbG9naW4iOnsiYWNjb3VudCI6eyJpZCI6bnVsbCwidXNlcl9pZCI6bnVsbCwicHJvdmlkZXIiOiJnb29nbGUiLCJ1aWQiOiIxMDU3ODQ5MzcyMDAwMTQ0OTA1ODgiLCJsYXN0X2xvZ2luIjpudWxsLCJkYXRlX2pvaW5lZCI6bnVsbCwiZXh0cmFfZGF0YSI6eyJpZCI6IjEwNTc4NDkzNzIwMDAxNDQ5MDU4OCIsImVtYWlsIjoiYWlyZW5vdjUwMEBnbWFpbC5jb20iLCJ2ZXJpZmllZF9lbWFpbCI6dHJ1ZSwibmFtZSI6IkF2b3dlZCIsImdpdmVuX25hbWUiOiJBdm93ZWQiLCJwaWN0dXJlIjoiaHR0cHM6Ly9saDMuZ29vZ2xldXNlcmNvbnRlbnQuY29tL2EtL0FPaDE0R2h1RmpMemdZUnp6R3ZZWGt2QmxoZzVzSFUzRTRlUTgtS2lST0VoIiwibG9jYWxlIjoiZW4ifX0sInVzZXIiOnsiaWQiOm51bGwsInBhc3N3b3JkIjoiIXh3amJxNW0ySFZ5SVp1WGt3TTIweVdidzAxODhiOUJqeHlkdzZuOVUiLCJsYXN0X2xvZ2luIjpudWxsLCJpc19zdXBlcnVzZXIiOmZhbHNlLCJ1c2VybmFtZSI6IiIsImZpcnN0X25hbWUiOiJBdm93ZWQiLCJsYXN0X25hbWUiOiIiLCJpc19zdGFmZiI6ZmFsc2UsImlzX2FjdGl2ZSI6dHJ1ZSwiZGF0ZV9qb2luZWQiOiIyMDIwLTA4LTEzVDE2OjM3OjE3LjQwMFoiLCJlbWFpbCI6ImFpcmVub3Y1MDBAZ21haWwuY29tIn0sInN0YXRlIjp7fSwiZW1haWxfYWRkcmVzc2VzIjpbeyJpZCI6bnVsbCwidXNlcl9pZCI6bnVsbCwiZW1haWwiOiJhaXJlbm92NTAwQGdtYWlsLmNvbSIsInZlcmlmaWVkIjp0cnVlLCJwcmltYXJ5Ijp0cnVlfV0sInRva2VuIjp7ImlkIjpudWxsLCJhcHBfaWQiOjEsImFjY291bnRfaWQiOm51bGwsInRva2VuIjoieWEyOS5hMEFmSDZTTUE1bTRacGhlRURJR1ZHbFZSWlIwSmJXWmZZSjYtZWo5bU41OHVPb0N4QXFVMUwzVmhJZWlRU014X0NIU0pWdk15TUxLV01aVE5YTE9YemtVVUh2WUNRYzg2S1BqdWNlQi1NQlhzREo0TWlHYzVvR2xfQ0ZyZzQzTXhkUmY3WHhQQTFoZXpkUE9adk1tOVVlckN5ZUJ5c2JwRmVhVFVZIiwidG9rZW5fc2VjcmV0IjoiIiwiZXhwaXJlc19hdCI6bnVsbH19fQ==", "expire_date": "2020-08-27T16:37:17.416Z"}}, {"model": "sessions.session", "pk": "ib66duj22leta6ypv598f1qo5odvvpb5", "fields": {"session_data": "N2YyMGE4MjNjYWY4ZjE2MWJlZjcxODZlYmM3YjFiMmMwZjgzMWM2OTp7Il9hdXRoX3VzZXJfaWQiOiIxIiwiX2F1dGhfdXNlcl9iYWNrZW5kIjoiZGphbmdvLmNvbnRyaWIuYXV0aC5iYWNrZW5kcy5Nb2RlbEJhY2tlbmQiLCJfYXV0aF91c2VyX2hhc2giOiI5YThjNzRhYjU1NDczYmE2ZTc0YWQ4NjI1MWEyOTMwYmVjYTE2NDMwIn0=", "expire_date": "2020-08-10T10:03:28.875Z"}}, {"model": "sessions.session", "pk": "ibwkm6q3460feu8e5v7q94otctl82psm", "fields": {"session_data": "N2YyMGE4MjNjYWY4ZjE2MWJlZjcxODZlYmM3YjFiMmMwZjgzMWM2OTp7Il9hdXRoX3VzZXJfaWQiOiIxIiwiX2F1dGhfdXNlcl9iYWNrZW5kIjoiZGphbmdvLmNvbnRyaWIuYXV0aC5iYWNrZW5kcy5Nb2RlbEJhY2tlbmQiLCJfYXV0aF91c2VyX2hhc2giOiI5YThjNzRhYjU1NDczYmE2ZTc0YWQ4NjI1MWEyOTMwYmVjYTE2NDMwIn0=", "expire_date": "2020-06-28T17:30:03.461Z"}}, {"model": "sessions.session", "pk": "ivqpvd8wdnsqrj63135tfehrdemf74i8", "fields": {"session_data": "OGM1MGI0MWQ2YzI1MTA5YmQ3OTBiM2E3NGNmYTU4ZTQ2ZmFkMDgxODp7ImFjY291bnRfdmVyaWZpZWRfZW1haWwiOm51bGwsIl9hdXRoX3VzZXJfaWQiOiIyMCIsIl9hdXRoX3VzZXJfYmFja2VuZCI6ImFsbGF1dGguYWNjb3VudC5hdXRoX2JhY2tlbmRzLkF1dGhlbnRpY2F0aW9uQmFja2VuZCIsIl9hdXRoX3VzZXJfaGFzaCI6ImRhODdjMTE1ZjBmMzJiYjdlMGIxYzM0ZTEwNTcyNDJjM2RkZTY4ODgifQ==", "expire_date": "2020-08-28T19:07:06.196Z"}}, {"model": "sessions.session", "pk": "ixlobpkt4e6npke7vo8h2iriwdt95ivx", "fields": {"session_data": "NzU1YjIwNWJjZjE1ODhhZDYzZmJlOWU2NTk3Nzg3ZWY3NzZjNzk2OTp7fQ==", "expire_date": "2020-08-31T14:59:15.049Z"}}, {"model": "sessions.session", "pk": "jkzq3bmkyjp7frammmfopz2o2q2f2pai", "fields": {"session_data": "OGI0ZTgyYjUyMjc2YWVhYTVmMjA0MjMyNWQ0YjExZTI3ZWY2N2U0Zjp7Il9hdXRoX3VzZXJfaWQiOiIxIiwiX2F1dGhfdXNlcl9iYWNrZW5kIjoiZGphbmdvLmNvbnRyaWIuYXV0aC5iYWNrZW5kcy5Nb2RlbEJhY2tlbmQiLCJfYXV0aF91c2VyX2hhc2giOiI3NTk4Zjk1NjkxYzJkM2E5ODlmNGRjNjI5YTE4MWRhMjkxYTRkMTZjIn0=", "expire_date": "2020-08-31T17:17:08.463Z"}}, {"model": "sessions.session", "pk": "jtf37t2815eq0udjf55wgv2ynfqcv5kr", "fields": {"session_data": "Nzc3OTI5YjRjNjUyYTg2NjY5NjljNzllMjk2YjBiOWI2MzYyNTM5Njp7Il9hdXRoX3VzZXJfaWQiOiIxNiIsIl9hdXRoX3VzZXJfYmFja2VuZCI6ImFsbGF1dGguYWNjb3VudC5hdXRoX2JhY2tlbmRzLkF1dGhlbnRpY2F0aW9uQmFja2VuZCIsIl9hdXRoX3VzZXJfaGFzaCI6IjcyNTM0OTZiMzZiNzM3ZDlkY2I2OWZiODZkOGEwMzE0Mjk3N2FkOTMifQ==", "expire_date": "2020-08-27T21:28:54.042Z"}}, {"model": "sessions.session", "pk": "kb14t65l5wth6mx6rvjnmckkegbp7jb6", "fields": {"session_data": "Nzc3OTI5YjRjNjUyYTg2NjY5NjljNzllMjk2YjBiOWI2MzYyNTM5Njp7Il9hdXRoX3VzZXJfaWQiOiIxNiIsIl9hdXRoX3VzZXJfYmFja2VuZCI6ImFsbGF1dGguYWNjb3VudC5hdXRoX2JhY2tlbmRzLkF1dGhlbnRpY2F0aW9uQmFja2VuZCIsIl9hdXRoX3VzZXJfaGFzaCI6IjcyNTM0OTZiMzZiNzM3ZDlkY2I2OWZiODZkOGEwMzE0Mjk3N2FkOTMifQ==", "expire_date": "2020-08-27T21:59:42.698Z"}}, {"model": "sessions.session", "pk": "ks22qdqgps3oh12y459fzk67luagidt2", "fields": {"session_data": "OGI0ZTgyYjUyMjc2YWVhYTVmMjA0MjMyNWQ0YjExZTI3ZWY2N2U0Zjp7Il9hdXRoX3VzZXJfaWQiOiIxIiwiX2F1dGhfdXNlcl9iYWNrZW5kIjoiZGphbmdvLmNvbnRyaWIuYXV0aC5iYWNrZW5kcy5Nb2RlbEJhY2tlbmQiLCJfYXV0aF91c2VyX2hhc2giOiI3NTk4Zjk1NjkxYzJkM2E5ODlmNGRjNjI5YTE4MWRhMjkxYTRkMTZjIn0=", "expire_date": "2020-08-31T17:13:59.390Z"}}, {"model": "sessions.session", "pk": "ksyocatmm07rljgm5qrch5zhkhi5nw1k", "fields": {"session_data": "OGI0ZTgyYjUyMjc2YWVhYTVmMjA0MjMyNWQ0YjExZTI3ZWY2N2U0Zjp7Il9hdXRoX3VzZXJfaWQiOiIxIiwiX2F1dGhfdXNlcl9iYWNrZW5kIjoiZGphbmdvLmNvbnRyaWIuYXV0aC5iYWNrZW5kcy5Nb2RlbEJhY2tlbmQiLCJfYXV0aF91c2VyX2hhc2giOiI3NTk4Zjk1NjkxYzJkM2E5ODlmNGRjNjI5YTE4MWRhMjkxYTRkMTZjIn0=", "expire_date": "2020-08-31T17:14:00.141Z"}}, {"model": "sessions.session", "pk": "kwwjczfnj34q2dibm9vmsnbxopfgourr", "fields": {"session_data": "N2YyMGE4MjNjYWY4ZjE2MWJlZjcxODZlYmM3YjFiMmMwZjgzMWM2OTp7Il9hdXRoX3VzZXJfaWQiOiIxIiwiX2F1dGhfdXNlcl9iYWNrZW5kIjoiZGphbmdvLmNvbnRyaWIuYXV0aC5iYWNrZW5kcy5Nb2RlbEJhY2tlbmQiLCJfYXV0aF91c2VyX2hhc2giOiI5YThjNzRhYjU1NDczYmE2ZTc0YWQ4NjI1MWEyOTMwYmVjYTE2NDMwIn0=", "expire_date": "2020-08-03T16:10:04.703Z"}}, {"model": "sessions.session", "pk": "kxgxre694wygx1b7ddogzyq6flb0f6h4", "fields": {"session_data": "YjBhMGM5OWE5ZDUwNzljZDI2Mzg3NWZjNmQ0NTFkOThhYzIwODNjYjp7InNvY2lhbGFjY291bnRfc29jaWFsbG9naW4iOnsiYWNjb3VudCI6eyJpZCI6bnVsbCwidXNlcl9pZCI6bnVsbCwicHJvdmlkZXIiOiJnb29nbGUiLCJ1aWQiOiIxMDU3ODQ5MzcyMDAwMTQ0OTA1ODgiLCJsYXN0X2xvZ2luIjpudWxsLCJkYXRlX2pvaW5lZCI6bnVsbCwiZXh0cmFfZGF0YSI6eyJpZCI6IjEwNTc4NDkzNzIwMDAxNDQ5MDU4OCIsImVtYWlsIjoiYWlyZW5vdjUwMEBnbWFpbC5jb20iLCJ2ZXJpZmllZF9lbWFpbCI6dHJ1ZSwibmFtZSI6IkF2b3dlZCIsImdpdmVuX25hbWUiOiJBdm93ZWQiLCJwaWN0dXJlIjoiaHR0cHM6Ly9saDMuZ29vZ2xldXNlcmNvbnRlbnQuY29tL2EtL0FPaDE0R2h1RmpMemdZUnp6R3ZZWGt2QmxoZzVzSFUzRTRlUTgtS2lST0VoIiwibG9jYWxlIjoiZW4ifX0sInVzZXIiOnsiaWQiOm51bGwsInBhc3N3b3JkIjoiIThlNEUyaFNTeVVPZ05KSHBZSDh0R2RNZ2NBZjlja3pPWkN2VHVVZmMiLCJsYXN0X2xvZ2luIjpudWxsLCJpc19zdXBlcnVzZXIiOmZhbHNlLCJ1c2VybmFtZSI6IiIsImZpcnN0X25hbWUiOiJBdm93ZWQiLCJsYXN0X25hbWUiOiIiLCJpc19zdGFmZiI6ZmFsc2UsImlzX2FjdGl2ZSI6dHJ1ZSwiZGF0ZV9qb2luZWQiOiIyMDIwLTA4LTEzVDEyOjMzOjU3LjMwMFoiLCJlbWFpbCI6ImFpcmVub3Y1MDBAZ21haWwuY29tIn0sInN0YXRlIjp7fSwiZW1haWxfYWRkcmVzc2VzIjpbeyJpZCI6bnVsbCwidXNlcl9pZCI6bnVsbCwiZW1haWwiOiJhaXJlbm92NTAwQGdtYWlsLmNvbSIsInZlcmlmaWVkIjp0cnVlLCJwcmltYXJ5Ijp0cnVlfV0sInRva2VuIjp7ImlkIjpudWxsLCJhcHBfaWQiOjEsImFjY291bnRfaWQiOm51bGwsInRva2VuIjoieWEyOS5hMEFmSDZTTURYNXZqeFYtZlRfWEZFc2gyQkF1RzhMVEIxZ2l2d3dfNmVWcGNGd0MtQ2wwRHRVZGxINTJfQmh6ckc4RkRPMElVdzZQMnlFcDJRdEJEUlEwdEQ0bEtWN0M3QVItX25tc1RnOER0QllIM0JrenE0UUhBazFBXzNxMHJNUlkyY1dhNEE5VHFzNmhnMF84ZVJxdGduNEZaWWdiT25RX0kiLCJ0b2tlbl9zZWNyZXQiOiIiLCJleHBpcmVzX2F0IjpudWxsfX19", "expire_date": "2020-08-27T12:33:57.320Z"}}, {"model": "sessions.session", "pk": "l3r1zb6qr8z689t6vha67spb1573oxgx", "fields": {"session_data": "N2YyMGE4MjNjYWY4ZjE2MWJlZjcxODZlYmM3YjFiMmMwZjgzMWM2OTp7Il9hdXRoX3VzZXJfaWQiOiIxIiwiX2F1dGhfdXNlcl9iYWNrZW5kIjoiZGphbmdvLmNvbnRyaWIuYXV0aC5iYWNrZW5kcy5Nb2RlbEJhY2tlbmQiLCJfYXV0aF91c2VyX2hhc2giOiI5YThjNzRhYjU1NDczYmE2ZTc0YWQ4NjI1MWEyOTMwYmVjYTE2NDMwIn0=", "expire_date": "2020-08-23T12:53:45.456Z"}}, {"model": "sessions.session", "pk": "l455uw1pgg1dewvvuw42xvwxt18lvnz4", "fields": {"session_data": "NjVhYmI0ZTE3Mjk1MGI0ZTZjZTJkOTZhMThmYzEzOGFiMTQ1MzY4Mjp7ImFjY291bnRfdmVyaWZpZWRfZW1haWwiOm51bGwsIl9hdXRoX3VzZXJfaWQiOiI1IiwiX2F1dGhfdXNlcl9iYWNrZW5kIjoiZGphbmdvLmNvbnRyaWIuYXV0aC5iYWNrZW5kcy5Nb2RlbEJhY2tlbmQiLCJfYXV0aF91c2VyX2hhc2giOiI1YzlmMWYzMGE2Zjc4MzU4N2RkY2IyYThkYTI4NzhiZDJmZWQxNWYzIn0=", "expire_date": "2020-07-31T18:13:48.446Z"}}, {"model": "sessions.session", "pk": "ln5fxdg0ijg9jv5qspe65f1nt4lw7ps6", "fields": {"session_data": "NjIxNjk1NTViYjMzODY5NjZmMmE1MTdkZWFlZDhjZmIyYjhmMzhhNTp7InNvY2lhbGFjY291bnRfc29jaWFsbG9naW4iOnsiYWNjb3VudCI6eyJpZCI6bnVsbCwidXNlcl9pZCI6bnVsbCwicHJvdmlkZXIiOiJnb29nbGUiLCJ1aWQiOiIxMDU3ODQ5MzcyMDAwMTQ0OTA1ODgiLCJsYXN0X2xvZ2luIjpudWxsLCJkYXRlX2pvaW5lZCI6bnVsbCwiZXh0cmFfZGF0YSI6eyJpZCI6IjEwNTc4NDkzNzIwMDAxNDQ5MDU4OCIsImVtYWlsIjoiYWlyZW5vdjUwMEBnbWFpbC5jb20iLCJ2ZXJpZmllZF9lbWFpbCI6dHJ1ZSwibmFtZSI6IkF2b3dlZCIsImdpdmVuX25hbWUiOiJBdm93ZWQiLCJwaWN0dXJlIjoiaHR0cHM6Ly9saDMuZ29vZ2xldXNlcmNvbnRlbnQuY29tL2EtL0FPaDE0R2h1RmpMemdZUnp6R3ZZWGt2QmxoZzVzSFUzRTRlUTgtS2lST0VoIiwibG9jYWxlIjoiZW4ifX0sInVzZXIiOnsiaWQiOm51bGwsInBhc3N3b3JkIjoiIU1oZ1k3cnlvRlY1R01uOXVveHNObmtDOHNSblh3bTFvVEJiZ1BQUHAiLCJsYXN0X2xvZ2luIjpudWxsLCJpc19zdXBlcnVzZXIiOmZhbHNlLCJ1c2VybmFtZSI6IiIsImZpcnN0X25hbWUiOiJBdm93ZWQiLCJsYXN0X25hbWUiOiIiLCJpc19zdGFmZiI6ZmFsc2UsImlzX2FjdGl2ZSI6dHJ1ZSwiZGF0ZV9qb2luZWQiOiIyMDIwLTA4LTEzVDEyOjQ5OjI1LjA0NFoiLCJlbWFpbCI6ImFpcmVub3Y1MDBAZ21haWwuY29tIn0sInN0YXRlIjp7fSwiZW1haWxfYWRkcmVzc2VzIjpbeyJpZCI6bnVsbCwidXNlcl9pZCI6bnVsbCwiZW1haWwiOiJhaXJlbm92NTAwQGdtYWlsLmNvbSIsInZlcmlmaWVkIjp0cnVlLCJwcmltYXJ5Ijp0cnVlfV0sInRva2VuIjp7ImlkIjpudWxsLCJhcHBfaWQiOjEsImFjY291bnRfaWQiOm51bGwsInRva2VuIjoieWEyOS5hMEFmSDZTTUFoVllnSmxQT1hVc0RTXzV5UGhNX2htTE9PUnN2MWdESlJ2X25CWHdTYVk3ODgzZEItcU9Xd1lLbkJUMzFoUUh1cXhhWjdNcTZOYnd6VHBsZTVKaW1SRldZUWtzMWdhb284YUZVRFpJZVl0WWdHNkpqdy0xOEREMkdOWkZqOVVhLWZ3Y3ZkbU9ITFdsbXNvWTh4dk1aSnlCWE1tdFEiLCJ0b2tlbl9zZWNyZXQiOiIiLCJleHBpcmVzX2F0IjpudWxsfX19", "expire_date": "2020-08-27T12:49:25.066Z"}}, {"model": "sessions.session", "pk": "m21qjg7c8nr92xlmisjfejzcsmj3stnm", "fields": {"session_data": "ZDNiNjlhZjAzNTg0NmVlMWNmYTBjMjg4N2E5MTJmY2I0ZDQ0M2JjNjp7ImFjY291bnRfdmVyaWZpZWRfZW1haWwiOm51bGwsIl9hdXRoX3VzZXJfaWQiOiIxNSIsIl9hdXRoX3VzZXJfYmFja2VuZCI6ImFsbGF1dGguYWNjb3VudC5hdXRoX2JhY2tlbmRzLkF1dGhlbnRpY2F0aW9uQmFja2VuZCIsIl9hdXRoX3VzZXJfaGFzaCI6ImFiZDBkYzIyMDliMzE2MGMzMDM1YzkzZTNhODExYmIyNDE4ZDY5OGYifQ==", "expire_date": "2020-08-27T12:55:38.030Z"}}, {"model": "sessions.session", "pk": "mc99gw72imto935dwtaa9d2pz75d0n4o", "fields": {"session_data": "OGI0ZTgyYjUyMjc2YWVhYTVmMjA0MjMyNWQ0YjExZTI3ZWY2N2U0Zjp7Il9hdXRoX3VzZXJfaWQiOiIxIiwiX2F1dGhfdXNlcl9iYWNrZW5kIjoiZGphbmdvLmNvbnRyaWIuYXV0aC5iYWNrZW5kcy5Nb2RlbEJhY2tlbmQiLCJfYXV0aF91c2VyX2hhc2giOiI3NTk4Zjk1NjkxYzJkM2E5ODlmNGRjNjI5YTE4MWRhMjkxYTRkMTZjIn0=", "expire_date": "2020-09-01T21:39:27.525Z"}}, {"model": "sessions.session", "pk": "mfl4z5drhaipae55acwehlj3513ck1p5", "fields": {"session_data": "Nzc3OTI5YjRjNjUyYTg2NjY5NjljNzllMjk2YjBiOWI2MzYyNTM5Njp7Il9hdXRoX3VzZXJfaWQiOiIxNiIsIl9hdXRoX3VzZXJfYmFja2VuZCI6ImFsbGF1dGguYWNjb3VudC5hdXRoX2JhY2tlbmRzLkF1dGhlbnRpY2F0aW9uQmFja2VuZCIsIl9hdXRoX3VzZXJfaGFzaCI6IjcyNTM0OTZiMzZiNzM3ZDlkY2I2OWZiODZkOGEwMzE0Mjk3N2FkOTMifQ==", "expire_date": "2020-08-27T21:59:47.769Z"}}, {"model": "sessions.session", "pk": "mv7aj5iahsexxi2kkabexau18jwl86o6", "fields": {"session_data": "ZGExOTczMDk1YzMwYWVkYmRmZDAzYTcwMTBkMjkzZTBjMzc1MGNhMDp7InNvY2lhbGFjY291bnRfc29jaWFsbG9naW4iOnsiYWNjb3VudCI6eyJpZCI6bnVsbCwidXNlcl9pZCI6bnVsbCwicHJvdmlkZXIiOiJnb29nbGUiLCJ1aWQiOiIxMDU3ODQ5MzcyMDAwMTQ0OTA1ODgiLCJsYXN0X2xvZ2luIjpudWxsLCJkYXRlX2pvaW5lZCI6bnVsbCwiZXh0cmFfZGF0YSI6eyJpZCI6IjEwNTc4NDkzNzIwMDAxNDQ5MDU4OCIsImVtYWlsIjoiYWlyZW5vdjUwMEBnbWFpbC5jb20iLCJ2ZXJpZmllZF9lbWFpbCI6dHJ1ZSwibmFtZSI6IkF2b3dlZCIsImdpdmVuX25hbWUiOiJBdm93ZWQiLCJwaWN0dXJlIjoiaHR0cHM6Ly9saDMuZ29vZ2xldXNlcmNvbnRlbnQuY29tL2EtL0FPaDE0R2h1RmpMemdZUnp6R3ZZWGt2QmxoZzVzSFUzRTRlUTgtS2lST0VoIiwibG9jYWxlIjoiZW4ifX0sInVzZXIiOnsiaWQiOm51bGwsInBhc3N3b3JkIjoiIXhHSEVlYkxIM2dLc1c3bGFpOWgxT3NvSmh1QmlmR2lIYTg1Nk11bnMiLCJsYXN0X2xvZ2luIjpudWxsLCJpc19zdXBlcnVzZXIiOmZhbHNlLCJ1c2VybmFtZSI6IiIsImZpcnN0X25hbWUiOiJBdm93ZWQiLCJsYXN0X25hbWUiOiIiLCJpc19zdGFmZiI6ZmFsc2UsImlzX2FjdGl2ZSI6dHJ1ZSwiZGF0ZV9qb2luZWQiOiIyMDIwLTA4LTEzVDE2OjM5OjQ0Ljc0MloiLCJlbWFpbCI6ImFpcmVub3Y1MDBAZ21haWwuY29tIn0sInN0YXRlIjp7fSwiZW1haWxfYWRkcmVzc2VzIjpbeyJpZCI6bnVsbCwidXNlcl9pZCI6bnVsbCwiZW1haWwiOiJhaXJlbm92NTAwQGdtYWlsLmNvbSIsInZlcmlmaWVkIjp0cnVlLCJwcmltYXJ5Ijp0cnVlfV0sInRva2VuIjp7ImlkIjpudWxsLCJhcHBfaWQiOjEsImFjY291bnRfaWQiOm51bGwsInRva2VuIjoieWEyOS5hMEFmSDZTTUEwbzFwTmpYVUZnMm1yTXp5VF9VMXRWdmNEcDdoVkFUem40dVJjQy1tUUxtUFFRWkNTcUVpSmZWb0tISHl3QTVLb3pZLXl6Zk9VeDB1OTBiaTBsZm1PU1UyTlpJQS1WbVRyUy1lblhaQ3FGNXpneFVMUFZ1eWdlbFplU0tMWUNsTHZkMHc1UzNheXB1N3dQU1dSd2VFaXBtQjgyc1hEIiwidG9rZW5fc2VjcmV0IjoiIiwiZXhwaXJlc19hdCI6bnVsbH19fQ==", "expire_date": "2020-08-27T16:39:44.757Z"}}, {"model": "sessions.session", "pk": "n6l84zyz5ckk29uz4qhapmc4b11i2cov", "fields": {"session_data": "NjJmMTYyOTg4YTEzOGUwMDdhMzY5MGU0Yjc1ZTdmMTA3YzBkOGNhODp7ImFjY291bnRfdmVyaWZpZWRfZW1haWwiOm51bGwsIl9hdXRoX3VzZXJfaWQiOiI5IiwiX2F1dGhfdXNlcl9iYWNrZW5kIjoiZGphbmdvLmNvbnRyaWIuYXV0aC5iYWNrZW5kcy5Nb2RlbEJhY2tlbmQiLCJfYXV0aF91c2VyX2hhc2giOiIyMTFlNDYyY2RkMjcyZDcxYTUzMGI3MDVlZDQ2YTI0MTdlM2UyZjcwIn0=", "expire_date": "2020-08-01T13:46:50.566Z"}}, {"model": "sessions.session", "pk": "nht29m6fqxqjh0h5ydwxe6bmnqwu2lmq", "fields": {"session_data": "N2YyMGE4MjNjYWY4ZjE2MWJlZjcxODZlYmM3YjFiMmMwZjgzMWM2OTp7Il9hdXRoX3VzZXJfaWQiOiIxIiwiX2F1dGhfdXNlcl9iYWNrZW5kIjoiZGphbmdvLmNvbnRyaWIuYXV0aC5iYWNrZW5kcy5Nb2RlbEJhY2tlbmQiLCJfYXV0aF91c2VyX2hhc2giOiI5YThjNzRhYjU1NDczYmE2ZTc0YWQ4NjI1MWEyOTMwYmVjYTE2NDMwIn0=", "expire_date": "2020-08-13T13:39:57.183Z"}}, {"model": "sessions.session", "pk": "nnu7ma2qy6vesu4fbz9za83p71cllcdn", "fields": {"session_data": "N2YyMGE4MjNjYWY4ZjE2MWJlZjcxODZlYmM3YjFiMmMwZjgzMWM2OTp7Il9hdXRoX3VzZXJfaWQiOiIxIiwiX2F1dGhfdXNlcl9iYWNrZW5kIjoiZGphbmdvLmNvbnRyaWIuYXV0aC5iYWNrZW5kcy5Nb2RlbEJhY2tlbmQiLCJfYXV0aF91c2VyX2hhc2giOiI5YThjNzRhYjU1NDczYmE2ZTc0YWQ4NjI1MWEyOTMwYmVjYTE2NDMwIn0=", "expire_date": "2020-07-31T11:26:51.937Z"}}, {"model": "sessions.session", "pk": "orw7dq62x903v8al7gcuy5of4tl3l1f8", "fields": {"session_data": "N2YyMGE4MjNjYWY4ZjE2MWJlZjcxODZlYmM3YjFiMmMwZjgzMWM2OTp7Il9hdXRoX3VzZXJfaWQiOiIxIiwiX2F1dGhfdXNlcl9iYWNrZW5kIjoiZGphbmdvLmNvbnRyaWIuYXV0aC5iYWNrZW5kcy5Nb2RlbEJhY2tlbmQiLCJfYXV0aF91c2VyX2hhc2giOiI5YThjNzRhYjU1NDczYmE2ZTc0YWQ4NjI1MWEyOTMwYmVjYTE2NDMwIn0=", "expire_date": "2020-08-13T13:38:53.201Z"}}, {"model": "sessions.session", "pk": "owuz37anrr7m90w8ezojrep72fmy9mb8", "fields": {"session_data": "N2YyMGE4MjNjYWY4ZjE2MWJlZjcxODZlYmM3YjFiMmMwZjgzMWM2OTp7Il9hdXRoX3VzZXJfaWQiOiIxIiwiX2F1dGhfdXNlcl9iYWNrZW5kIjoiZGphbmdvLmNvbnRyaWIuYXV0aC5iYWNrZW5kcy5Nb2RlbEJhY2tlbmQiLCJfYXV0aF91c2VyX2hhc2giOiI5YThjNzRhYjU1NDczYmE2ZTc0YWQ4NjI1MWEyOTMwYmVjYTE2NDMwIn0=", "expire_date": "2020-05-16T13:50:19.665Z"}}, {"model": "sessions.session", "pk": "p82u2uj3vqmpx0q1kiik6dj8hnxx70v3", "fields": {"session_data": "ZTA3YzQ5MjRmZWMxYTJiOTIxMzUyMGJiZDk4ZjA0ODI0ZmU5ZDZlNDp7Il9hdXRoX3VzZXJfaWQiOiIyIiwiX2F1dGhfdXNlcl9iYWNrZW5kIjoiZGphbmdvLmNvbnRyaWIuYXV0aC5iYWNrZW5kcy5Nb2RlbEJhY2tlbmQiLCJfYXV0aF91c2VyX2hhc2giOiIzNDkwZTM4NzBhNWFhYjA1ZjRhOWJiZjkxNzI3NjZiMzMzM2YzYTIwIn0=", "expire_date": "2020-04-30T11:00:09.446Z"}}, {"model": "sessions.session", "pk": "phphm048tx29z0k3jkhw5ivnjkkt3u6k", "fields": {"session_data": "ZTg2YzcxNTJiN2UwYmY3NDMzYmViNzNhZWJlOTY2MzAzNmFhODkwYzp7InNvY2lhbGFjY291bnRfc29jaWFsbG9naW4iOnsiYWNjb3VudCI6eyJpZCI6bnVsbCwidXNlcl9pZCI6bnVsbCwicHJvdmlkZXIiOiJnb29nbGUiLCJ1aWQiOiIxMDU3ODQ5MzcyMDAwMTQ0OTA1ODgiLCJsYXN0X2xvZ2luIjpudWxsLCJkYXRlX2pvaW5lZCI6bnVsbCwiZXh0cmFfZGF0YSI6eyJpZCI6IjEwNTc4NDkzNzIwMDAxNDQ5MDU4OCIsImVtYWlsIjoiYWlyZW5vdjUwMEBnbWFpbC5jb20iLCJ2ZXJpZmllZF9lbWFpbCI6dHJ1ZSwibmFtZSI6IkF2b3dlZCIsImdpdmVuX25hbWUiOiJBdm93ZWQiLCJwaWN0dXJlIjoiaHR0cHM6Ly9saDMuZ29vZ2xldXNlcmNvbnRlbnQuY29tL2EtL0FPaDE0R2h1RmpMemdZUnp6R3ZZWGt2QmxoZzVzSFUzRTRlUTgtS2lST0VoIiwibG9jYWxlIjoiZW4ifX0sInVzZXIiOnsiaWQiOm51bGwsInBhc3N3b3JkIjoiIUNLWDBIWVJyQjNHWVJURjZubWxuS1hvM2pYV2ZnRUx4ZFJTU0dzdmkiLCJsYXN0X2xvZ2luIjpudWxsLCJpc19zdXBlcnVzZXIiOmZhbHNlLCJ1c2VybmFtZSI6IiIsImZpcnN0X25hbWUiOiJBdm93ZWQiLCJsYXN0X25hbWUiOiIiLCJpc19zdGFmZiI6ZmFsc2UsImlzX2FjdGl2ZSI6dHJ1ZSwiZGF0ZV9qb2luZWQiOiIyMDIwLTA4LTEzVDE2OjM2OjAzLjAxNFoiLCJlbWFpbCI6ImFpcmVub3Y1MDBAZ21haWwuY29tIn0sInN0YXRlIjp7fSwiZW1haWxfYWRkcmVzc2VzIjpbeyJpZCI6bnVsbCwidXNlcl9pZCI6bnVsbCwiZW1haWwiOiJhaXJlbm92NTAwQGdtYWlsLmNvbSIsInZlcmlmaWVkIjp0cnVlLCJwcmltYXJ5Ijp0cnVlfV0sInRva2VuIjp7ImlkIjpudWxsLCJhcHBfaWQiOjEsImFjY291bnRfaWQiOm51bGwsInRva2VuIjoieWEyOS5hMEFmSDZTTUJQd3NjOFFxZWpqRkIwUHpUOFA5NXFOMVoyN19JRDc2SWx2bVRYbTJFQ0poZDJRSk9KY3JxTGZpekVrQ2w2WkRaMnM2c1ZuekgwaVVsZlNCQXFiVTJtTEdhVmJkZV9Nb1dHOG9DM1A2VkVnTmd6blltNW1NOVZ5UENkZ0hQVTM1MldKcE5INDF6TWREZVQ1Sk1HVFAwVld4RzNRM2dGIiwidG9rZW5fc2VjcmV0IjoiIiwiZXhwaXJlc19hdCI6bnVsbH19fQ==", "expire_date": "2020-08-27T16:36:03.083Z"}}, {"model": "sessions.session", "pk": "pl7pmrimzznq2ts05fqoijvk7at8g374", "fields": {"session_data": "Nzc3OTI5YjRjNjUyYTg2NjY5NjljNzllMjk2YjBiOWI2MzYyNTM5Njp7Il9hdXRoX3VzZXJfaWQiOiIxNiIsIl9hdXRoX3VzZXJfYmFja2VuZCI6ImFsbGF1dGguYWNjb3VudC5hdXRoX2JhY2tlbmRzLkF1dGhlbnRpY2F0aW9uQmFja2VuZCIsIl9hdXRoX3VzZXJfaGFzaCI6IjcyNTM0OTZiMzZiNzM3ZDlkY2I2OWZiODZkOGEwMzE0Mjk3N2FkOTMifQ==", "expire_date": "2020-08-27T21:56:55.283Z"}}, {"model": "sessions.session", "pk": "q9tejap16t6smtw8aoza8i33ttqjlb7g", "fields": {"session_data": "N2YyMGE4MjNjYWY4ZjE2MWJlZjcxODZlYmM3YjFiMmMwZjgzMWM2OTp7Il9hdXRoX3VzZXJfaWQiOiIxIiwiX2F1dGhfdXNlcl9iYWNrZW5kIjoiZGphbmdvLmNvbnRyaWIuYXV0aC5iYWNrZW5kcy5Nb2RlbEJhY2tlbmQiLCJfYXV0aF91c2VyX2hhc2giOiI5YThjNzRhYjU1NDczYmE2ZTc0YWQ4NjI1MWEyOTMwYmVjYTE2NDMwIn0=", "expire_date": "2020-07-31T11:26:51.830Z"}}, {"model": "sessions.session", "pk": "qfegboxf27cgu65nh226613q47guu0ou", "fields": {"session_data": "N2YyMGE4MjNjYWY4ZjE2MWJlZjcxODZlYmM3YjFiMmMwZjgzMWM2OTp7Il9hdXRoX3VzZXJfaWQiOiIxIiwiX2F1dGhfdXNlcl9iYWNrZW5kIjoiZGphbmdvLmNvbnRyaWIuYXV0aC5iYWNrZW5kcy5Nb2RlbEJhY2tlbmQiLCJfYXV0aF91c2VyX2hhc2giOiI5YThjNzRhYjU1NDczYmE2ZTc0YWQ4NjI1MWEyOTMwYmVjYTE2NDMwIn0=", "expire_date": "2020-06-26T13:24:13.045Z"}}, {"model": "sessions.session", "pk": "qjvydfqmi662mwitu88a9hiat1q4la6d", "fields": {"session_data": "OGI0ZTgyYjUyMjc2YWVhYTVmMjA0MjMyNWQ0YjExZTI3ZWY2N2U0Zjp7Il9hdXRoX3VzZXJfaWQiOiIxIiwiX2F1dGhfdXNlcl9iYWNrZW5kIjoiZGphbmdvLmNvbnRyaWIuYXV0aC5iYWNrZW5kcy5Nb2RlbEJhY2tlbmQiLCJfYXV0aF91c2VyX2hhc2giOiI3NTk4Zjk1NjkxYzJkM2E5ODlmNGRjNjI5YTE4MWRhMjkxYTRkMTZjIn0=", "expire_date": "2020-09-01T21:38:51.757Z"}}, {"model": "sessions.session", "pk": "s9lip5c2tbigudrbidg1ck2lrmhrtg1b", "fields": {"session_data": "MjE3YjY5OGE3OWJlNjIwMzI1OTkwOWJhODIwODhhNTZiNjcxMDg2Yjp7ImFjY291bnRfdmVyaWZpZWRfZW1haWwiOm51bGwsIl9hdXRoX3VzZXJfaWQiOiI3IiwiX2F1dGhfdXNlcl9iYWNrZW5kIjoiZGphbmdvLmNvbnRyaWIuYXV0aC5iYWNrZW5kcy5Nb2RlbEJhY2tlbmQiLCJfYXV0aF91c2VyX2hhc2giOiI5MWM0OWE5MzAxMDFiNGU1ZmJkZDZkZDVjMjlmMzc0NDEzM2IzZGRlIn0=", "expire_date": "2020-08-01T12:37:17.674Z"}}, {"model": "sessions.session", "pk": "sa1bedqv64e6ry6z968udb1cx5a1pu1p", "fields": {"session_data": "N2YyMGE4MjNjYWY4ZjE2MWJlZjcxODZlYmM3YjFiMmMwZjgzMWM2OTp7Il9hdXRoX3VzZXJfaWQiOiIxIiwiX2F1dGhfdXNlcl9iYWNrZW5kIjoiZGphbmdvLmNvbnRyaWIuYXV0aC5iYWNrZW5kcy5Nb2RlbEJhY2tlbmQiLCJfYXV0aF91c2VyX2hhc2giOiI5YThjNzRhYjU1NDczYmE2ZTc0YWQ4NjI1MWEyOTMwYmVjYTE2NDMwIn0=", "expire_date": "2020-06-11T13:02:18.359Z"}}, {"model": "sessions.session", "pk": "smziguk5nbnyd3o9r6pfsl5bkjacrsto", "fields": {"session_data": "ZWM1MTc5NDRmZGJhYTZhNzllZWUxZjgyMTVhM2FiYWQyZDgyNjcyMDp7ImFjY291bnRfdmVyaWZpZWRfZW1haWwiOm51bGwsIl9hdXRoX3VzZXJfaWQiOiI4IiwiX2F1dGhfdXNlcl9iYWNrZW5kIjoiZGphbmdvLmNvbnRyaWIuYXV0aC5iYWNrZW5kcy5Nb2RlbEJhY2tlbmQiLCJfYXV0aF91c2VyX2hhc2giOiI4NjA1YTE3YzNmM2YzMWE5YjkzMmIxMWM4ZDE1MWMyOTBmOTE1NGE3In0=", "expire_date": "2020-08-01T12:44:05.179Z"}}, {"model": "sessions.session", "pk": "sp9l7kuknwmp7labk4mv8ukh6rxqmr7w", "fields": {"session_data": "OGI0ZTgyYjUyMjc2YWVhYTVmMjA0MjMyNWQ0YjExZTI3ZWY2N2U0Zjp7Il9hdXRoX3VzZXJfaWQiOiIxIiwiX2F1dGhfdXNlcl9iYWNrZW5kIjoiZGphbmdvLmNvbnRyaWIuYXV0aC5iYWNrZW5kcy5Nb2RlbEJhY2tlbmQiLCJfYXV0aF91c2VyX2hhc2giOiI3NTk4Zjk1NjkxYzJkM2E5ODlmNGRjNjI5YTE4MWRhMjkxYTRkMTZjIn0=", "expire_date": "2020-09-01T13:53:48.011Z"}}, {"model": "sessions.session", "pk": "squu9x4dodtlluvn1dkb3l6bb450bvh7", "fields": {"session_data": "OTU0OTQ2ODU4ODdhYzA4ODYxYTYyZTE3Y2QxNzEyMzEyZTZkNWZlNjp7Il9hdXRoX3VzZXJfaWQiOiIyMCIsIl9hdXRoX3VzZXJfYmFja2VuZCI6ImRqYW5nby5jb250cmliLmF1dGguYmFja2VuZHMuTW9kZWxCYWNrZW5kIiwiX2F1dGhfdXNlcl9oYXNoIjoiZGE4N2MxMTVmMGYzMmJiN2UwYjFjMzRlMTA1NzI0MmMzZGRlNjg4OCJ9", "expire_date": "2020-08-31T17:21:32.077Z"}}, {"model": "sessions.session", "pk": "t4gqwroz2h3elt4ia2m5lvvx5fa7jq4b", "fields": {"session_data": "OGI0ZTgyYjUyMjc2YWVhYTVmMjA0MjMyNWQ0YjExZTI3ZWY2N2U0Zjp7Il9hdXRoX3VzZXJfaWQiOiIxIiwiX2F1dGhfdXNlcl9iYWNrZW5kIjoiZGphbmdvLmNvbnRyaWIuYXV0aC5iYWNrZW5kcy5Nb2RlbEJhY2tlbmQiLCJfYXV0aF91c2VyX2hhc2giOiI3NTk4Zjk1NjkxYzJkM2E5ODlmNGRjNjI5YTE4MWRhMjkxYTRkMTZjIn0=", "expire_date": "2020-08-31T17:00:33.649Z"}}, {"model": "sessions.session", "pk": "tgw8ckqxg13bekrzmtgol5kh97tu6evf", "fields": {"session_data": "OGI0ZTgyYjUyMjc2YWVhYTVmMjA0MjMyNWQ0YjExZTI3ZWY2N2U0Zjp7Il9hdXRoX3VzZXJfaWQiOiIxIiwiX2F1dGhfdXNlcl9iYWNrZW5kIjoiZGphbmdvLmNvbnRyaWIuYXV0aC5iYWNrZW5kcy5Nb2RlbEJhY2tlbmQiLCJfYXV0aF91c2VyX2hhc2giOiI3NTk4Zjk1NjkxYzJkM2E5ODlmNGRjNjI5YTE4MWRhMjkxYTRkMTZjIn0=", "expire_date": "2020-09-07T17:15:29.893Z"}}, {"model": "sessions.session", "pk": "to4d8aal9pn3z9bj3jmjp6c3uew7bodl", "fields": {"session_data": "N2YyMGE4MjNjYWY4ZjE2MWJlZjcxODZlYmM3YjFiMmMwZjgzMWM2OTp7Il9hdXRoX3VzZXJfaWQiOiIxIiwiX2F1dGhfdXNlcl9iYWNrZW5kIjoiZGphbmdvLmNvbnRyaWIuYXV0aC5iYWNrZW5kcy5Nb2RlbEJhY2tlbmQiLCJfYXV0aF91c2VyX2hhc2giOiI5YThjNzRhYjU1NDczYmE2ZTc0YWQ4NjI1MWEyOTMwYmVjYTE2NDMwIn0=", "expire_date": "2020-08-22T13:35:51.095Z"}}, {"model": "sessions.session", "pk": "u9pbw7s1gasfv4oppz9eciq8s0msefh5", "fields": {"session_data": "OGI0ZTgyYjUyMjc2YWVhYTVmMjA0MjMyNWQ0YjExZTI3ZWY2N2U0Zjp7Il9hdXRoX3VzZXJfaWQiOiIxIiwiX2F1dGhfdXNlcl9iYWNrZW5kIjoiZGphbmdvLmNvbnRyaWIuYXV0aC5iYWNrZW5kcy5Nb2RlbEJhY2tlbmQiLCJfYXV0aF91c2VyX2hhc2giOiI3NTk4Zjk1NjkxYzJkM2E5ODlmNGRjNjI5YTE4MWRhMjkxYTRkMTZjIn0=", "expire_date": "2020-08-31T16:51:55.452Z"}}, {"model": "sessions.session", "pk": "uufrw1ay3453n5akwso4h3c00n3yvipk", "fields": {"session_data": "Y2RmM2NlN2ZkNGMzMWJlZWExZmU3MTk5ZjhkYTdiNDEzODY3MTJjNjp7InNvY2lhbGFjY291bnRfc29jaWFsbG9naW4iOnsiYWNjb3VudCI6eyJpZCI6bnVsbCwidXNlcl9pZCI6bnVsbCwicHJvdmlkZXIiOiJnb29nbGUiLCJ1aWQiOiIxMDU3ODQ5MzcyMDAwMTQ0OTA1ODgiLCJsYXN0X2xvZ2luIjpudWxsLCJkYXRlX2pvaW5lZCI6bnVsbCwiZXh0cmFfZGF0YSI6eyJpZCI6IjEwNTc4NDkzNzIwMDAxNDQ5MDU4OCIsImVtYWlsIjoiYWlyZW5vdjUwMEBnbWFpbC5jb20iLCJ2ZXJpZmllZF9lbWFpbCI6dHJ1ZSwibmFtZSI6IkF2b3dlZCIsImdpdmVuX25hbWUiOiJBdm93ZWQiLCJwaWN0dXJlIjoiaHR0cHM6Ly9saDMuZ29vZ2xldXNlcmNvbnRlbnQuY29tL2EtL0FPaDE0R2h1RmpMemdZUnp6R3ZZWGt2QmxoZzVzSFUzRTRlUTgtS2lST0VoIiwibG9jYWxlIjoiZW4ifX0sInVzZXIiOnsiaWQiOm51bGwsInBhc3N3b3JkIjoiIUhkaE1kQ005bERVVTNsNUM0ZWFNZ1Y4VEdoa2tyTEhqRUNFNXppekgiLCJsYXN0X2xvZ2luIjpudWxsLCJpc19zdXBlcnVzZXIiOmZhbHNlLCJ1c2VybmFtZSI6IiIsImZpcnN0X25hbWUiOiJBdm93ZWQiLCJsYXN0X25hbWUiOiIiLCJpc19zdGFmZiI6ZmFsc2UsImlzX2FjdGl2ZSI6dHJ1ZSwiZGF0ZV9qb2luZWQiOiIyMDIwLTA4LTEzVDE2OjM4OjE1LjYzM1oiLCJlbWFpbCI6ImFpcmVub3Y1MDBAZ21haWwuY29tIn0sInN0YXRlIjp7fSwiZW1haWxfYWRkcmVzc2VzIjpbeyJpZCI6bnVsbCwidXNlcl9pZCI6bnVsbCwiZW1haWwiOiJhaXJlbm92NTAwQGdtYWlsLmNvbSIsInZlcmlmaWVkIjp0cnVlLCJwcmltYXJ5Ijp0cnVlfV0sInRva2VuIjp7ImlkIjpudWxsLCJhcHBfaWQiOjEsImFjY291bnRfaWQiOm51bGwsInRva2VuIjoieWEyOS5hMEFmSDZTTUE1dFVkZS1GMFZFV01mWG1jdFczSVVXS040ejVmR2xUTmdadUhmVDFMRHVWM2Q0bkl5VjByQWdqNFlyTDFMMmg2ZzRKTVNyLWhpS0Z6UnktQmJnZWFvTVprblVfd0FKSVZZb2hYNjVhZFEzUGtjeWdHZkUzTTRTY3RtbkpVQXRkcVNkYzFlcmpGMzV2cEd2ekdoTWFMa3VtSnpaQldPIiwidG9rZW5fc2VjcmV0IjoiIiwiZXhwaXJlc19hdCI6bnVsbH19fQ==", "expire_date": "2020-08-27T16:38:15.647Z"}}, {"model": "sessions.session", "pk": "uz2oxwyyofqe51hjd2yr5h4nwytabehu", "fields": {"session_data": "OTU0OTQ2ODU4ODdhYzA4ODYxYTYyZTE3Y2QxNzEyMzEyZTZkNWZlNjp7Il9hdXRoX3VzZXJfaWQiOiIyMCIsIl9hdXRoX3VzZXJfYmFja2VuZCI6ImRqYW5nby5jb250cmliLmF1dGguYmFja2VuZHMuTW9kZWxCYWNrZW5kIiwiX2F1dGhfdXNlcl9oYXNoIjoiZGE4N2MxMTVmMGYzMmJiN2UwYjFjMzRlMTA1NzI0MmMzZGRlNjg4OCJ9", "expire_date": "2020-08-31T17:25:33.846Z"}}, {"model": "sessions.session", "pk": "v5ogek4lkvy76zbmsepaz5mviz3ifwwk", "fields": {"session_data": "OTU0OTQ2ODU4ODdhYzA4ODYxYTYyZTE3Y2QxNzEyMzEyZTZkNWZlNjp7Il9hdXRoX3VzZXJfaWQiOiIyMCIsIl9hdXRoX3VzZXJfYmFja2VuZCI6ImRqYW5nby5jb250cmliLmF1dGguYmFja2VuZHMuTW9kZWxCYWNrZW5kIiwiX2F1dGhfdXNlcl9oYXNoIjoiZGE4N2MxMTVmMGYzMmJiN2UwYjFjMzRlMTA1NzI0MmMzZGRlNjg4OCJ9", "expire_date": "2020-08-31T17:10:17.898Z"}}, {"model": "sessions.session", "pk": "vi7bs5oyfxbwtb0my69g4qr8c68pnv65", "fields": {"session_data": "ODA0ZWJkNDMyM2E2NzExNDc1NDYyZGU2MmE4YzY0OGY0ZWIwYTAyNTp7ImFjY291bnRfdmVyaWZpZWRfZW1haWwiOm51bGwsIl9hdXRoX3VzZXJfaWQiOiIxMCIsIl9hdXRoX3VzZXJfYmFja2VuZCI6ImRqYW5nby5jb250cmliLmF1dGguYmFja2VuZHMuTW9kZWxCYWNrZW5kIiwiX2F1dGhfdXNlcl9oYXNoIjoiNTQ3ZWYxY2E4OGFiMDhjZWY1MjcxNGNjMDMzODlmOGM4MTlkZDdjNiJ9", "expire_date": "2020-08-01T13:57:02.852Z"}}, {"model": "sessions.session", "pk": "w7p6k6y07tpmocm7uzagtdf4pwaddb7d", "fields": {"session_data": "N2YyMGE4MjNjYWY4ZjE2MWJlZjcxODZlYmM3YjFiMmMwZjgzMWM2OTp7Il9hdXRoX3VzZXJfaWQiOiIxIiwiX2F1dGhfdXNlcl9iYWNrZW5kIjoiZGphbmdvLmNvbnRyaWIuYXV0aC5iYWNrZW5kcy5Nb2RlbEJhY2tlbmQiLCJfYXV0aF91c2VyX2hhc2giOiI5YThjNzRhYjU1NDczYmE2ZTc0YWQ4NjI1MWEyOTMwYmVjYTE2NDMwIn0=", "expire_date": "2020-08-13T13:46:29.074Z"}}, {"model": "sessions.session", "pk": "wc24pjwuvmrjr89vgvbykdu1g7kjgozi", "fields": {"session_data": "ZTkzZThhOGUwNTU3YTEzMDdjZjZhOGZmZGJmMzRlZGM0Zjg5MjNlZDp7InNvY2lhbGFjY291bnRfc29jaWFsbG9naW4iOnsiYWNjb3VudCI6eyJpZCI6bnVsbCwidXNlcl9pZCI6bnVsbCwicHJvdmlkZXIiOiJnb29nbGUiLCJ1aWQiOiIxMDU3ODQ5MzcyMDAwMTQ0OTA1ODgiLCJsYXN0X2xvZ2luIjpudWxsLCJkYXRlX2pvaW5lZCI6bnVsbCwiZXh0cmFfZGF0YSI6eyJpZCI6IjEwNTc4NDkzNzIwMDAxNDQ5MDU4OCIsImVtYWlsIjoiYWlyZW5vdjUwMEBnbWFpbC5jb20iLCJ2ZXJpZmllZF9lbWFpbCI6dHJ1ZSwibmFtZSI6IkF2b3dlZCIsImdpdmVuX25hbWUiOiJBdm93ZWQiLCJwaWN0dXJlIjoiaHR0cHM6Ly9saDMuZ29vZ2xldXNlcmNvbnRlbnQuY29tL2EtL0FPaDE0R2h1RmpMemdZUnp6R3ZZWGt2QmxoZzVzSFUzRTRlUTgtS2lST0VoIiwibG9jYWxlIjoiZW4ifX0sInVzZXIiOnsiaWQiOm51bGwsInBhc3N3b3JkIjoiIW5VZVhRSVFNNkNFSlBJVlF4dXY3S1hDM2VjZmFpd0NpSzFoRkpJOVYiLCJsYXN0X2xvZ2luIjpudWxsLCJpc19zdXBlcnVzZXIiOmZhbHNlLCJ1c2VybmFtZSI6IiIsImZpcnN0X25hbWUiOiJBdm93ZWQiLCJsYXN0X25hbWUiOiIiLCJpc19zdGFmZiI6ZmFsc2UsImlzX2FjdGl2ZSI6dHJ1ZSwiZGF0ZV9qb2luZWQiOiIyMDIwLTA4LTEzVDE2OjQzOjA1LjAyM1oiLCJlbWFpbCI6ImFpcmVub3Y1MDBAZ21haWwuY29tIn0sInN0YXRlIjp7fSwiZW1haWxfYWRkcmVzc2VzIjpbeyJpZCI6bnVsbCwidXNlcl9pZCI6bnVsbCwiZW1haWwiOiJhaXJlbm92NTAwQGdtYWlsLmNvbSIsInZlcmlmaWVkIjp0cnVlLCJwcmltYXJ5Ijp0cnVlfV0sInRva2VuIjp7ImlkIjpudWxsLCJhcHBfaWQiOjEsImFjY291bnRfaWQiOm51bGwsInRva2VuIjoieWEyOS5hMEFmSDZTTUJka0FxWVQwcHBHWnRzSF9ucFRIYkRZV3BzbnVBTkFLbTVqRTJzRGl6ZjlPNWZGWmxQZVhsQXNjZm50MXl1SEdTdHYxb01hSE95N21QRG5mV3c2MlJ0elFJSmprNUJKSGdKSHFzVHhkNDVEbS1hWmhBVExuNkdFWTdjM2ZCUHhKOFJHTVNJZlkxNHB1QTBkWXBTcnhUQVNpOEItS1lIIiwidG9rZW5fc2VjcmV0IjoiIiwiZXhwaXJlc19hdCI6bnVsbH19fQ==", "expire_date": "2020-08-27T16:43:05.037Z"}}, {"model": "sessions.session", "pk": "wdzl4licf7oxhmehrl82eswvhl949fcd", "fields": {"session_data": "N2YyMGE4MjNjYWY4ZjE2MWJlZjcxODZlYmM3YjFiMmMwZjgzMWM2OTp7Il9hdXRoX3VzZXJfaWQiOiIxIiwiX2F1dGhfdXNlcl9iYWNrZW5kIjoiZGphbmdvLmNvbnRyaWIuYXV0aC5iYWNrZW5kcy5Nb2RlbEJhY2tlbmQiLCJfYXV0aF91c2VyX2hhc2giOiI5YThjNzRhYjU1NDczYmE2ZTc0YWQ4NjI1MWEyOTMwYmVjYTE2NDMwIn0=", "expire_date": "2020-07-31T11:22:41.807Z"}}, {"model": "sessions.session", "pk": "weq273ml070qmuccoi5p0r91cp4mb24c", "fields": {"session_data": "OGI0ZTgyYjUyMjc2YWVhYTVmMjA0MjMyNWQ0YjExZTI3ZWY2N2U0Zjp7Il9hdXRoX3VzZXJfaWQiOiIxIiwiX2F1dGhfdXNlcl9iYWNrZW5kIjoiZGphbmdvLmNvbnRyaWIuYXV0aC5iYWNrZW5kcy5Nb2RlbEJhY2tlbmQiLCJfYXV0aF91c2VyX2hhc2giOiI3NTk4Zjk1NjkxYzJkM2E5ODlmNGRjNjI5YTE4MWRhMjkxYTRkMTZjIn0=", "expire_date": "2020-08-31T16:55:38.140Z"}}, {"model": "sessions.session", "pk": "wk4el6e8jszawn702tkexpe6ftfb39xd", "fields": {"session_data": "NzU1YjIwNWJjZjE1ODhhZDYzZmJlOWU2NTk3Nzg3ZWY3NzZjNzk2OTp7fQ==", "expire_date": "2020-04-30T10:56:29.342Z"}}, {"model": "sessions.session", "pk": "wmosuocp7f56jbszmsh6chw0aeauep5y", "fields": {"session_data": "YWEwMGE2N2M2ZDU5OGJlZTZlYTQ3NDU0NGRlYmFiZTlhYzMxNGE0ODp7ImFjY291bnRfdmVyaWZpZWRfZW1haWwiOm51bGwsIl9hdXRoX3VzZXJfaWQiOiIxNyIsIl9hdXRoX3VzZXJfYmFja2VuZCI6ImFsbGF1dGguYWNjb3VudC5hdXRoX2JhY2tlbmRzLkF1dGhlbnRpY2F0aW9uQmFja2VuZCIsIl9hdXRoX3VzZXJfaGFzaCI6IjVjOTNhYjg5OThmYTY5YzYyZTEzOTgzY2UzNTcwYTk5ZDJmZTZjYzgifQ==", "expire_date": "2020-08-28T18:11:19.163Z"}}, {"model": "sessions.session", "pk": "wtpfkqw5vf877m23cws0je4d1vdbpq2s", "fields": {"session_data": "ZjFjNDFjOWU5ZTVjNWRlYzI1ZTUxYmI5YjY0OThlNjIwNjY1N2ZhNjp7InNvY2lhbGFjY291bnRfc29jaWFsbG9naW4iOnsiYWNjb3VudCI6eyJpZCI6bnVsbCwidXNlcl9pZCI6bnVsbCwicHJvdmlkZXIiOiJnb29nbGUiLCJ1aWQiOiIxMDU3ODQ5MzcyMDAwMTQ0OTA1ODgiLCJsYXN0X2xvZ2luIjpudWxsLCJkYXRlX2pvaW5lZCI6bnVsbCwiZXh0cmFfZGF0YSI6eyJpZCI6IjEwNTc4NDkzNzIwMDAxNDQ5MDU4OCIsImVtYWlsIjoiYWlyZW5vdjUwMEBnbWFpbC5jb20iLCJ2ZXJpZmllZF9lbWFpbCI6dHJ1ZSwibmFtZSI6IkF2b3dlZCIsImdpdmVuX25hbWUiOiJBdm93ZWQiLCJwaWN0dXJlIjoiaHR0cHM6Ly9saDMuZ29vZ2xldXNlcmNvbnRlbnQuY29tL2EtL0FPaDE0R2h1RmpMemdZUnp6R3ZZWGt2QmxoZzVzSFUzRTRlUTgtS2lST0VoIiwibG9jYWxlIjoiZW4ifX0sInVzZXIiOnsiaWQiOm51bGwsInBhc3N3b3JkIjoiIVFFS1hjWVg0V0J5YURraEVmN3RLSDg0N3M0d3hnZ1N4TmppWHMxQ3oiLCJsYXN0X2xvZ2luIjpudWxsLCJpc19zdXBlcnVzZXIiOmZhbHNlLCJ1c2VybmFtZSI6IiIsImZpcnN0X25hbWUiOiJBdm93ZWQiLCJsYXN0X25hbWUiOiIiLCJpc19zdGFmZiI6ZmFsc2UsImlzX2FjdGl2ZSI6dHJ1ZSwiZGF0ZV9qb2luZWQiOiIyMDIwLTA4LTEzVDEyOjUyOjI1LjU5OFoiLCJlbWFpbCI6ImFpcmVub3Y1MDBAZ21haWwuY29tIn0sInN0YXRlIjp7fSwiZW1haWxfYWRkcmVzc2VzIjpbeyJpZCI6bnVsbCwidXNlcl9pZCI6bnVsbCwiZW1haWwiOiJhaXJlbm92NTAwQGdtYWlsLmNvbSIsInZlcmlmaWVkIjp0cnVlLCJwcmltYXJ5Ijp0cnVlfV0sInRva2VuIjp7ImlkIjpudWxsLCJhcHBfaWQiOjEsImFjY291bnRfaWQiOm51bGwsInRva2VuIjoieWEyOS5hMEFmSDZTTUFOQ2d5YXdMZ09ZZWNscHlOOFlOOWdoQVJyTHQ4MFk0aXdRSkUxSm92UGxQN3hGR3hOSW9wdGxpMkJlVUVHNHo0bmV1WGhJaElnWlJmSWQ0Y2lPVjBoVGQ2MXpvejNRemRZeTF3ekgzOVlfWENKZHRNNm15N0VFeFFKN1diU0lWUVRSdTdIRVZ1UmloaEh6YWdIUUI0X1VXdmlwNlEiLCJ0b2tlbl9zZWNyZXQiOiIiLCJleHBpcmVzX2F0IjpudWxsfX19", "expire_date": "2020-08-27T12:52:25.613Z"}}, {"model": "sessions.session", "pk": "x9p7trxcoq7612o7oyv3b9qn864z2pse", "fields": {"session_data": "N2YyMGE4MjNjYWY4ZjE2MWJlZjcxODZlYmM3YjFiMmMwZjgzMWM2OTp7Il9hdXRoX3VzZXJfaWQiOiIxIiwiX2F1dGhfdXNlcl9iYWNrZW5kIjoiZGphbmdvLmNvbnRyaWIuYXV0aC5iYWNrZW5kcy5Nb2RlbEJhY2tlbmQiLCJfYXV0aF91c2VyX2hhc2giOiI5YThjNzRhYjU1NDczYmE2ZTc0YWQ4NjI1MWEyOTMwYmVjYTE2NDMwIn0=", "expire_date": "2020-07-03T21:42:12.026Z"}}, {"model": "sessions.session", "pk": "xbaok9tt33o6arg1q24j1kxzt19g5wt5", "fields": {"session_data": "N2YyMGE4MjNjYWY4ZjE2MWJlZjcxODZlYmM3YjFiMmMwZjgzMWM2OTp7Il9hdXRoX3VzZXJfaWQiOiIxIiwiX2F1dGhfdXNlcl9iYWNrZW5kIjoiZGphbmdvLmNvbnRyaWIuYXV0aC5iYWNrZW5kcy5Nb2RlbEJhY2tlbmQiLCJfYXV0aF91c2VyX2hhc2giOiI5YThjNzRhYjU1NDczYmE2ZTc0YWQ4NjI1MWEyOTMwYmVjYTE2NDMwIn0=", "expire_date": "2020-06-12T12:05:17.999Z"}}, {"model": "sessions.session", "pk": "xbwsfi60dbnbkgdpqsxsrc0saa500oqs", "fields": {"session_data": "OTU0OTQ2ODU4ODdhYzA4ODYxYTYyZTE3Y2QxNzEyMzEyZTZkNWZlNjp7Il9hdXRoX3VzZXJfaWQiOiIyMCIsIl9hdXRoX3VzZXJfYmFja2VuZCI6ImRqYW5nby5jb250cmliLmF1dGguYmFja2VuZHMuTW9kZWxCYWNrZW5kIiwiX2F1dGhfdXNlcl9oYXNoIjoiZGE4N2MxMTVmMGYzMmJiN2UwYjFjMzRlMTA1NzI0MmMzZGRlNjg4OCJ9", "expire_date": "2020-08-31T17:00:23.518Z"}}, {"model": "sessions.session", "pk": "xn42ecl77u10642939b28zdxt014datx", "fields": {"session_data": "NzU1YjIwNWJjZjE1ODhhZDYzZmJlOWU2NTk3Nzg3ZWY3NzZjNzk2OTp7fQ==", "expire_date": "2020-04-30T10:56:55.231Z"}}, {"model": "sessions.session", "pk": "xz74n8z8xcza31zwb0n3jjlwh20p85gl", "fields": {"session_data": "ZDViNjcxODliMmVjZDgzMWFmY2Q4ZjRkNTk5ZDQzM2QzM2U2YzhlYjp7ImFjY291bnRfdmVyaWZpZWRfZW1haWwiOm51bGwsIl9hdXRoX3VzZXJfaWQiOiI0IiwiX2F1dGhfdXNlcl9iYWNrZW5kIjoiZGphbmdvLmNvbnRyaWIuYXV0aC5iYWNrZW5kcy5Nb2RlbEJhY2tlbmQiLCJfYXV0aF91c2VyX2hhc2giOiI4MjMxNDRjMTZlOTUyZWNmOTNmNzM3ZWQzMDQxYzM4ZTYwMWQ3MWVkIn0=", "expire_date": "2020-07-26T15:56:15.353Z"}}, {"model": "sessions.session", "pk": "y1i71y80qk8gar1m6wx7u2uy3rskfzw8", "fields": {"session_data": "YmUyYzU0MDRhYWNjNjNiZmY3N2I2YTc3OTMyODFkMzkwMTQ0NzI5NTp7ImFjY291bnRfdmVyaWZpZWRfZW1haWwiOm51bGwsIl9hdXRoX3VzZXJfaWQiOiI2IiwiX2F1dGhfdXNlcl9iYWNrZW5kIjoiZGphbmdvLmNvbnRyaWIuYXV0aC5iYWNrZW5kcy5Nb2RlbEJhY2tlbmQiLCJfYXV0aF91c2VyX2hhc2giOiJhMjY1MzE0ZDQxODAzZTBmNTgzZjM1NTZkYjA0OGY4Y2FjYWViOTI2In0=", "expire_date": "2020-08-01T12:35:53.994Z"}}, {"model": "sessions.session", "pk": "yfs1swvlr2sjfjv7s858nrwntwu0c28h", "fields": {"session_data": "N2YyMGE4MjNjYWY4ZjE2MWJlZjcxODZlYmM3YjFiMmMwZjgzMWM2OTp7Il9hdXRoX3VzZXJfaWQiOiIxIiwiX2F1dGhfdXNlcl9iYWNrZW5kIjoiZGphbmdvLmNvbnRyaWIuYXV0aC5iYWNrZW5kcy5Nb2RlbEJhY2tlbmQiLCJfYXV0aF91c2VyX2hhc2giOiI5YThjNzRhYjU1NDczYmE2ZTc0YWQ4NjI1MWEyOTMwYmVjYTE2NDMwIn0=", "expire_date": "2020-08-06T22:00:28.729Z"}}, {"model": "sessions.session", "pk": "z7v0d9mhh26b7bcuczsmpaxdej73dh21", "fields": {"session_data": "N2YyMGE4MjNjYWY4ZjE2MWJlZjcxODZlYmM3YjFiMmMwZjgzMWM2OTp7Il9hdXRoX3VzZXJfaWQiOiIxIiwiX2F1dGhfdXNlcl9iYWNrZW5kIjoiZGphbmdvLmNvbnRyaWIuYXV0aC5iYWNrZW5kcy5Nb2RlbEJhY2tlbmQiLCJfYXV0aF91c2VyX2hhc2giOiI5YThjNzRhYjU1NDczYmE2ZTc0YWQ4NjI1MWEyOTMwYmVjYTE2NDMwIn0=", "expire_date": "2020-08-04T11:01:08.416Z"}}, {"model": "sessions.session", "pk": "zkoe5ad5xvurga5gnsbdt0a1zsiqdfm7", "fields": {"session_data": "OGI0ZTgyYjUyMjc2YWVhYTVmMjA0MjMyNWQ0YjExZTI3ZWY2N2U0Zjp7Il9hdXRoX3VzZXJfaWQiOiIxIiwiX2F1dGhfdXNlcl9iYWNrZW5kIjoiZGphbmdvLmNvbnRyaWIuYXV0aC5iYWNrZW5kcy5Nb2RlbEJhY2tlbmQiLCJfYXV0aF91c2VyX2hhc2giOiI3NTk4Zjk1NjkxYzJkM2E5ODlmNGRjNjI5YTE4MWRhMjkxYTRkMTZjIn0=", "expire_date": "2020-08-29T17:45:59.997Z"}}, {"model": "sessions.session", "pk": "zpvecuvw2v1yovbuikc4nswl1q8jam8n", "fields": {"session_data": "N2YyMGE4MjNjYWY4ZjE2MWJlZjcxODZlYmM3YjFiMmMwZjgzMWM2OTp7Il9hdXRoX3VzZXJfaWQiOiIxIiwiX2F1dGhfdXNlcl9iYWNrZW5kIjoiZGphbmdvLmNvbnRyaWIuYXV0aC5iYWNrZW5kcy5Nb2RlbEJhY2tlbmQiLCJfYXV0aF91c2VyX2hhc2giOiI5YThjNzRhYjU1NDczYmE2ZTc0YWQ4NjI1MWEyOTMwYmVjYTE2NDMwIn0=", "expire_date": "2020-07-27T12:49:42.548Z"}}, {"model": "sessions.session", "pk": "zz7soit8bmvjknwernm45unb75nnolvs", "fields": {"session_data": "N2YyMGE4MjNjYWY4ZjE2MWJlZjcxODZlYmM3YjFiMmMwZjgzMWM2OTp7Il9hdXRoX3VzZXJfaWQiOiIxIiwiX2F1dGhfdXNlcl9iYWNrZW5kIjoiZGphbmdvLmNvbnRyaWIuYXV0aC5iYWNrZW5kcy5Nb2RlbEJhY2tlbmQiLCJfYXV0aF91c2VyX2hhc2giOiI5YThjNzRhYjU1NDczYmE2ZTc0YWQ4NjI1MWEyOTMwYmVjYTE2NDMwIn0=", "expire_date": "2020-08-13T13:45:58.301Z"}}, {"model": "sites.site", "pk": 1, "fields": {"domain": "elitemanga.net", "name": "elitemanga.net"}}, {"model": "sites.site", "pk": 2, "fields": {"domain": "localhost:8000", "name": "localhost:8000"}}, {"model": "socialaccount.socialapp", "pk": 1, "fields": {"provider": "google", "name": "Google", "client_id": "525872563894-soad62uqt1298kcr4ogo76dbhk17750q.apps.googleusercontent.com", "secret": "tId28pPP6U6h8TY7jVvfTmLl", "key": "", "sites": [1, 2]}}, {"model": "socialaccount.socialapp", "pk": 2, "fields": {"provider": "facebook", "name": "Facebook", "client_id": "939633486446911", "secret": "261af81217e5e4ed44d9f558df998eb5", "key": "", "sites": [1, 2]}}, {"model": "socialaccount.socialtoken", "pk": 2, "fields": {"app": 1, "account": 2, "token": "ya29.a0AfH6SMBoqKjcswIM6RRC1xY32XsdZaxtOPOzj6Wa2tqH728uQH60J4Jnxc6K6VzpgGOo9sbzR7ZDHr47kvITT46hPyfVW6V1VVgMC8edxor2Qp0sAWp5hZlQ9eP4A0AhOBCUxy-C24C7ZXN__rosGMib9gU2xLdnTgk", "token_secret": "", "expires_at": null}}, {"model": "socialaccount.socialtoken", "pk": 3, "fields": {"app": 1, "account": 3, "token": "ya29.a0AfH6SMCMj5h9-1_3Ibm_o8tTO9fH9zKd1siWvLVTZm-0aidbZ43l4_oGRbn6KKe1MNXF745XUi2TWe8xwNyjvb0oacaNBTEpi5qSduWjKzI9hqudtcjxHhMSXcFTdjsF8zglb8VMRnwTHS_AD_XWFeUduAjPihPBC5M", "token_secret": "", "expires_at": null}}, {"model": "socialaccount.socialtoken", "pk": 4, "fields": {"app": 2, "account": 4, "token": "EAANWl3gtwT8BACQQE7CqZBLEmW5MUfHv5ZCZBmimVXrNz6drieu7tZC8nPyYBuvNb1sJmfAKyOtLKXiZCW6hmoOhEYOvGLwwhZBBxZBTWn1HwSYZCbAldcbW6eI6L2GnuW2CS5jAM7YDj8m2gNemLD7HGBBkmGBXFV9RnLp0BTz7Cr4lqpnZA4DHXLQXm6ioTyOCn8GORauMRFgZDZD", "token_secret": "", "expires_at": null}}, {"model": "backend.mycustomtag", "pk": 1, "fields": {"name": "Ranking", "slug": "ranking"}}, {"model": "backend.mycustomtag", "pk": 2, "fields": {"name": "Anime", "slug": "anime"}}, {"model": "backend.mycustomtag", "pk": 3, "fields": {"name": "Fame", "slug": "fame"}}, {"model": "backend.mycustomtag", "pk": 4, "fields": {"name": "fame", "slug": "fam"}}, {"model": "backend.taggedlist", "pk": 4, "fields": {"tag": 1, "content_object": 7}}, {"model": "backend.taggedlist", "pk": 5, "fields": {"tag": 2, "content_object": 7}}, {"model": "backend.taggedlist", "pk": 6, "fields": {"tag": 3, "content_object": 7}}, {"model": "backend.taggedlist", "pk": 7, "fields": {"tag": 1, "content_object": 5}}, {"model": "backend.taggedlist", "pk": 8, "fields": {"tag": 3, "content_object": 5}}, {"model": "backend.taggedlist", "pk": 9, "fields": {"tag": 2, "content_object": 4}}, {"model": "backend.taggedlist", "pk": 10, "fields": {"tag": 3, "content_object": 4}}, {"model": "backend.taggedlist", "pk": 11, "fields": {"tag": 4, "content_object": 2}}, {"model": "backend.taggedlist", "pk": 12, "fields": {"tag": 1, "content_object": 3}}, {"model": "backend.source", "pk": 1, "fields": {"official": true, "name": "Webtoons", "homepage": "https://www.webtoons.com/", "image": "sp_ico_v1234.png", "description": "for korean manwha"}}, {"model": "backend.source", "pk": 2, "fields": {"official": false, "name": "Mangaread", "homepage": "https://mangaread.co/", "image": "mangaread.png", "description": "Very Good"}}, {"model": "backend.source", "pk": 3, "fields": {"official": true, "name": "Viz Media", "homepage": "https://www.viz.com/", "image": "viz.png", "description": "Viz"}}, {"model": "backend.source", "pk": 4, "fields": {"official": true, "name": "Comixology", "homepage": "https://www.comixology.com/", "image": "", "description": "An amazon company"}}, {"model": "backend.source", "pk": 5, "fields": {"official": true, "name": "Crunchyroll", "homepage": "https://www.crunchyroll.com/", "image": "crunchyroll.png", "description": "really good"}}, {"model": "backend.source", "pk": 6, "fields": {"official": true, "name": "Funimation", "homepage": "https://www.funimation.com/", "image": "favicon.ico", "description": "Very good"}}, {"model": "backend.source", "pk": 7, "fields": {"official": false, "name": "Animepahe", "homepage": "https://animepahe.com/", "image": "apdoesnthavelogotheysaidapistooplaintheysaid.png", "description": "good"}}, {"model": "backend.source", "pk": 8, "fields": {"official": true, "name": "Tapas", "homepage": "https://tapas.io/comics", "image": "tapas.ico", "description": "good"}}, {"model": "backend.source", "pk": 9, "fields": {"official": true, "name": "Netflix", "homepage": "https://www.netflix.com", "image": "", "description": ""}}, {"model": "backend.media", "pk": 22, "fields": {"chapters_length": 0, "author": "Toei Animation", "title": "One Piece", "description": "Gol D. Roger was known as the \"Pirate King,\" the strongest and most infamous being to have sailed the Grand Line. The capture and execution of Roger by the World Government brought a change throughout the world. His last words before his death revealed the existence of the greatest treasure in the world, One Piece. It was this revelation that brought about the Grand Age of Pirates, men who dreamed of finding One Piece\u2014which promises an unlimited amount of riches and fame\u2014and quite possibly the pinnacle of glory and the title of the Pirate King.\n\r\nEnter Monkey D. Luffy, a 17-year-old boy who defies your standard definition of a pirate. Rather than the popular persona of a wicked, hardened, toothless pirate ransacking villages for fun, Luffy\u2019s reason for being a pirate is one of pure wonder: the thought of an exciting adventure that leads him to intriguing people and ultimately, the promised treasure. Following in the footsteps of his childhood hero, Luffy and his crew travel across the Grand Line, experiencing crazy adventures, unveiling dark mysteries and battling strong enemies, all in order to reach the most coveted of all fortunes\u2014One Piece.", "hits": 1007004, "other_names": "\nEnglish: One Piece\n  \nSynonyms: OP\n  \nJapanese: ONE PIECE\n  ", "alias": "one-piece", "date_added": "2020-04-16T16:14:36.144Z", "status": "1", "pre_image_url": "https://cdn.myanimelist.net/images/anime/6/73245.jpg", "image_url": "media-images/one-piece.png", "rank": "5", "baka": true, "slug": "", "tags_string": "", "reviewed": false, "publisher_url": null, "publisher_url_2": null, "scanlator_1": null, "scanlator_2": null, "media_type": "1", "adaptation": null, "weekly_reads": 36}}, {"model": "backend.media", "pk": 41, "fields": {"chapters_length": 0, "author": "\nKodachi Ukyo - Ikemoto Mikio ", "title": "Boruto: Naruto Next Generations", "description": " we are otakus!! we are otakus!! we are otakus!! we are otakus!! we are otakus!! we are otakus!! we are otakus!! we are otakus!! we are otakus!! we are otakus!! we are otakus!! we are otakus!! we are otakus!! we are otakus!! we are otakus!! we are otakus!! we are otakus!! we are otakus!! we are otakus!! we are otakus!! we are otakus!! we are otakus!! we are otakus!! we are otakus!! we are otakus!! we are otakus!! we are otakus!!", "hits": 8854670, "other_names": "BORUTO-\u30dc\u30eb\u30c8- -NARUTO NEXT GENERATIONS- (Japanese); Boruto (English)", "alias": "boruto:-naruto-next-generations", "date_added": "2020-04-17T00:01:23.704Z", "status": "1", "pre_image_url": "https://avt.mkklcdnv6.com/42/a/13-1583489306.jpg", "image_url": "media-images/boruto-naruto-next-generations.png", "rank": "5", "baka": true, "slug": "", "tags_string": "", "reviewed": false, "publisher_url": null, "publisher_url_2": null, "scanlator_1": null, "scanlator_2": null, "media_type": "0", "adaptation": null, "weekly_reads": 1}}, {"model": "backend.media", "pk": 42, "fields": {"chapters_length": 0, "author": "\nIsayama Hajime ", "title": "Attack On Titan", "description": " we are otakus!! we are otakus!! we are otakus!! we are otakus!! we are otakus!! we are otakus!! we are otakus!! we are otakus!! we are otakus!! we are otakus!! we are otakus!! we are otakus!! we are otakus!! we are otakus!! we are otakus!! we are otakus!! we are otakus!! we are otakus!! we are otakus!! we are otakus!! we are otakus!! we are otakus!! we are otakus!! we are otakus!! we are otakus!! we are otakus!! we are otakus!!", "hits": 18620180, "other_names": "Shingeki no Kyojin ; \u8fdb\u51fb\u7684\u5de8\u4eba (Chinese) ; \u9032\u6483\u306e\u5de8\u4eba (Japanese) ; \uc9c4\uaca9\uc758 \uac70\uc778 (Korean) ; Read Attack on Titan Manga", "alias": "attack-on-titan", "date_added": "2020-04-17T00:01:24.003Z", "status": "1", "pre_image_url": "https://avt.mkklcdnv6.com/34/b/1-1583465037.jpg", "image_url": "media-images/attack-on-titan.png", "rank": "5", "baka": true, "slug": "", "tags_string": "", "reviewed": false, "publisher_url": null, "publisher_url_2": null, "scanlator_1": null, "scanlator_2": null, "media_type": "0", "adaptation": null, "weekly_reads": 17}}, {"model": "backend.media", "pk": 43, "fields": {"chapters_length": 0, "author": "Gotouge Koyoharu", "title": "Kimetsu No Yaiba", "description": "A family is attacked by demons and only two members survive - Tanjiro and his sister Nezuko, who is turning into a demon slowly. Tanjiro sets out to become a demon slayer to avenge his family and cure his sister.", "hits": 89583272, "other_names": "\u9b3c\u6ec5\u306e\u5203 (Japanese); \u9b3c\u706d\u4e4b\u5203 (Chinese); \uadc0\uba78\uc758 \uce7c\ub0a0 (Korean); Blade of Demon Destruction (English)", "alias": "kimetsu-no-yaiba", "date_added": "2020-04-17T00:01:24.172Z", "status": "1", "pre_image_url": "https://avt.mkklcdnv6.com/30/e/13-1583488820.jpg", "image_url": "media-images/kimetsu-no-yaiba.png", "rank": "2", "baka": true, "slug": null, "tags_string": "", "reviewed": true, "publisher_url": null, "publisher_url_2": null, "scanlator_1": null, "scanlator_2": null, "media_type": "0", "adaptation": null, "weekly_reads": 394}}, {"model": "backend.media", "pk": 44, "fields": {"chapters_length": 0, "author": "Horikoshi Kouhei", "title": "Boku No Hero Academia", "description": "Izuku has dreamt of being a hero all his life\u2014a lofty goal for anyone, but especially challenging for a kid with no superpowers. That\u2019s right, in a world where eighty percent of the population has some kind of super-powered \u201cquirk,\u201d Izuku was unlucky enough to be born completely normal. But that\u2019s not going to stop him from enrolling in one of the world\u2019s most prestigious hero academies. Now, the only thing standing between him and his first class is the academy\u2019s formidable entrance exam\u2014nothing a little private tutoring from the world\u2019s mightiest hero can\u2019t solve.", "hits": 61868022, "other_names": "\u50d5\u306e\u30d2\u30fc\u30ed\u30fc\u30a2\u30ab\u30c7\u30df\u30a2 ; \u6211\u7684\u82f1\u96c4\u5b66\u9662 ; My Hero Academia; Boku no Hero Academia Manga", "alias": "boku-no-hero-academia", "date_added": "2020-04-17T00:01:24.366Z", "status": "1", "pre_image_url": "https://avt.mkklcdnv6.com/23/e/1-1583464609.jpg", "image_url": "media-images/boku-no-hero-academia.png", "rank": "3", "baka": true, "slug": null, "tags_string": "", "reviewed": true, "publisher_url": null, "publisher_url_2": null, "scanlator_1": null, "scanlator_2": null, "media_type": "0", "adaptation": null, "weekly_reads": 84}}, {"model": "backend.media", "pk": 45, "fields": {"chapters_length": 0, "author": "\nKishimoto Masashi ", "title": "Naruto", "description": " we are otakus!! we are otakus!! we are otakus!! we are otakus!! we are otakus!! we are otakus!! we are otakus!! we are otakus!! we are otakus!! we are otakus!! we are otakus!! we are otakus!! we are otakus!! we are otakus!! we are otakus!! we are otakus!! we are otakus!! we are otakus!! we are otakus!! we are otakus!! we are otakus!! we are otakus!! we are otakus!! we are otakus!! we are otakus!! we are otakus!! we are otakus!!", "hits": 24581942, "other_names": "\u30ca\u30eb\u30c8 (Japanese) ; \u706b\u5f71\u5fcd\u8005 (Chinese-Simplified) ; \u72d0\u5fcd (Chinese-Traditional) ; \u0646\u0627\u0631\u0648\u062a\u0648 (Arabic / Persian) ; \u0e19\u0e34\u0e19\u0e08\u0e32\u0e04\u0e32\u0e16\u0e32\u0e42\u0e2d\u0e49\u0e42\u0e2e\u0e40\u0e2e\u0e30 (Thai) ; \u09a8\u09be\u09b0\u09c1\u09a4\u09cb (Bengali) ; \u0928\u093e\u0930\u0941\u0924\u094b (Hindi) ; \ub098\ub8e8\ud1a0 (Korean)", "alias": "naruto", "date_added": "2020-04-17T00:01:24.759Z", "status": "completed", "pre_image_url": "https://avt.mkklcdnv6.com/48/g/1-1583465604.jpg", "image_url": "media-images/naruto.png", "rank": "5", "baka": true, "slug": "", "tags_string": "", "reviewed": false, "publisher_url": null, "publisher_url_2": null, "scanlator_1": null, "scanlator_2": null, "media_type": "0", "adaptation": null, "weekly_reads": 11}}, {"model": "backend.media", "pk": 46, "fields": {"chapters_length": 0, "author": "Sung-Lak Jang", "title": "Solo Leveling", "description": "In this world where Hunters with various magical powers battle monsters from invading the defenceless humanity, Sung Jin-Woo was the weakest of all the Hunters, barely able to make a living. However, a mysterious System grants him the power of the \u2018Player\u2019, setting him on a course for an incredible and often times perilous Journey. Follow Sung Jin-Woo as he embarks on an adventure to become an unparalleled existence through his \u201cLevel-Up\u201d system - the only one in the entire world!", "hits": 147006096, "other_names": "\ub098 \ud63c\uc790\ub9cc \ub808\ubca8\uc5c5", "alias": "solo-leveling", "date_added": "2020-04-17T00:01:24.892Z", "status": "1", "pre_image_url": "https://avt.mkklcdnv6.com/30/a/17-1583496340.jpg", "image_url": "media-images/solo-leveling.png", "rank": "3", "baka": true, "slug": null, "tags_string": "", "reviewed": true, "publisher_url": null, "publisher_url_2": null, "scanlator_1": null, "scanlator_2": null, "media_type": "0", "adaptation": null, "weekly_reads": 12}}, {"model": "backend.media", "pk": 47, "fields": {"chapters_length": 0, "author": "Siu", "title": "Tower Of God", "description": "we are otakus!! we are otakus!! we are otakus!! we are otakus!! we are otakus!! we are otakus!! we are otakus!! we are otakus!! we are otakus!! we are otakus!! we are otakus!! we are otakus!! we are otakus!! we are otakus!! we are otakus!! we are otakus!! we are otakus!! we are otakus!! we are otakus!! we are otakus!! we are otakus!! we are otakus!! we are otakus!! we are otakus!! we are otakus!! we are otakus!! we are otakus!!", "hits": 40676713, "other_names": "\uc2e0\uc758 \ud0d1 (Korean); \u795e\u306e\u5854 (Japanese); La Torre de Dios (Espanol); La tour de dieu (French); Guds T\u00e5rn (Danish); Guds Torn (Swedish); Torre Ng Panginoon (Filipino - Tagalog); Turm des Gottes (Deutsch); Jumalan Torni (Finnish); \u039f \u03a0\u03c5\u03c1\u03b3\u03bf\u03c2 \u03a4\u03bf\u03c5 \u0398\u03b5\u03bf\u03c5 (Greek); Dievo Bok\u0161tas (Lithuanian); \u0628\u0631\u062c \u0627\u0644\u0625\u0644\u0647 (Arabic); Tanr\u0131n\u0131n Kulesi (Turkish); Turnul Zeului (Romana); \u0411\u0430\u0448\u043d\u044f \u0411\u043e\u0433\u0430 (Russian); Wie\u017ca Boga (Polish); Torre de Deus (Portuguese); \u05de\u05d2\u05d3\u05dc \u05d4\u05d0\u05dc\u05d5\u05d4\u05d9\u05dd (Hebrew); Ng\u1ecdn Th\u00e1p Th\u1ea7n (Vietnamese - Ti\u1ebfng Vi\u1ec7t - TV)", "alias": "tower-of-god", "date_added": "2020-04-17T00:01:25.573Z", "status": "1", "pre_image_url": "https://avt.mkklcdnv6.com/19/x/1-1583464480.jpg", "image_url": "media-images/tower-of-god.png", "rank": "2", "baka": true, "slug": null, "tags_string": "", "reviewed": true, "publisher_url": null, "publisher_url_2": null, "scanlator_1": null, "scanlator_2": null, "media_type": "0", "adaptation": null, "weekly_reads": 34}}, {"model": "backend.media", "pk": 48, "fields": {"chapters_length": 0, "author": "Arakawa Hiromu", "title": "Fullmetal Alchemist", "description": "In an alchemical ritual gone wrong, Edward Elric lost his arm and his leg, and his brother Alphonse became nothing but a soul in a suit of armor. Equipped with mechanical \"auto-mail\" limbs, Edward becomes a state alchemist, seeking the one thing that can restore his brother and himself... the legendary Philosopher's Stone.", "hits": 2480590, "other_names": "\u0e41\u0e02\u0e19\u0e01\u0e25 \u0e04\u0e19\u0e41\u0e1b\u0e23\u0e18\u0e32\u0e15\u0e38 ; \u92fc\u306e\u932c\u91d1\u8853\u5e2b ; \u94a2\u4e4b\u70bc\u91d1\u672f\u5e08 ; \uac15\ucca0\uc758 \uc5f0\uae08\uc220\uc0ac ; FMA ; Full Metal Alchemist ; Fullmetal Alchemist Gaiden ; Gi\u1ea3 kim thu\u1eadt s\u01b0 ; Hagane no Renkinjutsushi ; Hagaren; Read FullMetal Alchemist manga", "alias": "fullmetal-alchemist", "date_added": "2020-04-17T00:01:25.742Z", "status": "0", "pre_image_url": "https://avt.mkklcdnv6.com/47/t/3-1583469558.jpg", "image_url": "media-images/fullmetal-alchemist.png", "rank": "1", "baka": true, "slug": null, "tags_string": "", "reviewed": true, "publisher_url": null, "publisher_url_2": null, "scanlator_1": null, "scanlator_2": null, "media_type": "0", "adaptation": null, "weekly_reads": 9}}, {"model": "backend.media", "pk": 49, "fields": {"chapters_length": 0, "author": "\nMiura Kentaro ", "title": "Berserk", "description": "Berserk Manga is a Japanese dark fantasy manga series illustrated and written by Kentaro Miura. Place in a medieval Europe-divine the narrative centers on the characters of Guts dark fantasy world, a lone mercenary, and Griffith, the leader of a mercenary group known as the Band of the Hawk. Motifs of camaraderie, isolation, as well as the question of whether mankind is basically good or bad pervade the narrative, as it investigates both the very best and worst of human nature. Both anime and the manga are noticed for their utilization of sexual content and heavy violence.", "hits": 18740899, "other_names": "\u30d9\u30eb\u30bb\u30eb\u30af (Japanese) ; \u5251\u98ce\u4f20\u5947 (Simplified Chinese) ; \u70d9\u5370\u52c7\u58eb (Traditional Chinese); Berserk (English) ; \ubca0\ub974\uc138\ub974\ud06c (Korean); Berserk!! ; Beruseruku ; Ki\u1ebfm S\u0129 \u0110en (Vietnamese - Ti\u1ebfng Vi\u1ec7t - TV); Berserk Prototype ; Berserk the Prototype ; \u0e40\u0e1a\u0e2d\u0e23\u0e4c\u0e40\u0e0b\u0e34\u0e23\u0e4c\u0e01 (Thai); \u0627\u0644\u0647\u0627\u0626\u062c (Arabic)", "alias": "berserk", "date_added": "2020-04-17T00:01:25.887Z", "status": "1", "pre_image_url": "https://avt.mkklcdnv6.com/43/o/1-1583465423.jpg", "image_url": "media-images/berserk.png", "rank": "5", "baka": true, "slug": "", "tags_string": "", "reviewed": false, "publisher_url": null, "publisher_url_2": null, "scanlator_1": null, "scanlator_2": null, "media_type": "0", "adaptation": null, "weekly_reads": 1}}, {"model": "backend.media", "pk": 50, "fields": {"chapters_length": 0, "author": "\nOh! Great - Nishio Ishin ", "title": "Bakemonogatari (Nishio Ishin)", "description": " we are otakus!! we are otakus!! we are otakus!! we are otakus!! we are otakus!! we are otakus!! we are otakus!! we are otakus!! we are otakus!! we are otakus!! we are otakus!! we are otakus!! we are otakus!! we are otakus!! we are otakus!! we are otakus!! we are otakus!! we are otakus!! we are otakus!! we are otakus!! we are otakus!! we are otakus!! we are otakus!! we are otakus!! we are otakus!! we are otakus!! we are otakus!!", "hits": 2545838, "other_names": "\u0411\u0430\u043a\u044d\u043c\u043e\u043d\u043e\u0433\u0430\u0442\u0430\u0440\u0438 ; \u5316\u7269\u8a9e ; Monster Tale ; MonStory ; Monogatari Series: First Season", "alias": "bakemonogatari-(nishio-ishin)", "date_added": "2020-04-17T00:01:26.008Z", "status": "1", "pre_image_url": "https://avt.mkklcdnv6.com/19/v/16-1583494184.jpg", "image_url": "media-images/bakemonogatari-nishio-ishin.png", "rank": "5", "baka": true, "slug": "", "tags_string": "", "reviewed": false, "publisher_url": null, "publisher_url_2": null, "scanlator_1": null, "scanlator_2": null, "media_type": "0", "adaptation": null, "weekly_reads": 4}}, {"model": "backend.media", "pk": 51, "fields": {"chapters_length": 0, "author": "One - Murata Yuusuke", "title": "Onepunch-Man", "description": "In this new action-comedy, everything about a young man named Saitama screams \"AVERAGE,\" from his lifeless expression to his bald head, to his unimpressive physique. However, this average-looking fellow doesn't have your average problem... He's actually a superhero that's looking for tough opponents! The problem is, every time he finds a promising candidate he beats the snot out of them in one punch. Can Saitama finally find an evil villain strong enough to challenge him? Follow Saitama through his hilarious romps as he searches for new bad guys to challenge!", "hits": 57019769, "other_names": "\u30ef\u30f3\u30d1\u30f3\u30de\u30f3 (Japanese); \u4e00\u62f3\u8d85\u4eba (Chinese); \u0412\u0430\u043d\u041f\u0430\u043d\u0447\u041c\u0435\u043d (Russian); One Punch Man; One-Punch Man; Onepunchman; \u0631\u062c\u0644 \u0627\u0644\u0644\u0643\u0645\u0629 \u0627\u0644\u0648\u0627\u062d\u062f\u0629 (Arabic)", "alias": "onepunch-man", "date_added": "2020-04-17T00:01:26.151Z", "status": "1", "pre_image_url": "https://avt.mkklcdnv6.com/18/f/1-1583464405.jpg", "image_url": "media-images/onepunch-man.png", "rank": "2", "baka": true, "slug": null, "tags_string": "", "reviewed": true, "publisher_url": null, "publisher_url_2": null, "scanlator_1": null, "scanlator_2": null, "media_type": "0", "adaptation": null, "weekly_reads": 6}}, {"model": "backend.media", "pk": 52, "fields": {"chapters_length": 0, "author": "Oima Yoshitoki", "title": "Koe No Katachi", "description": "The story revolves around Nishimiya Sh\u014dko, a grade school student who has impaired hearing. She transfers into a new school, where she is bullied by her classmates, especially Ishida Shouya. It gets to the point where she transfers to another school and as a result, Sh\u014dya is ostracized and bullied himself, with no friends to speak of and no plans for the future. Years later, he sets himself on a path to redemption.", "hits": 3950595, "other_names": "\u8072\u306e\u5f62 (Japanese); \u58f0\u4e4b\u5f62 (Chinese); A Silent Voice; The Shape of Voice (English); La fa\u00e7on de parler (French); La forma de la voz (Spanish); \u0424\u043e\u0440\u043c\u0430 \u0413\u043e\u043b\u043e\u0441\u0430 (Russian); \u0e23\u0e31\u0e01\u0e44\u0e23\u0e49\u0e40\u0e2a\u0e35\u0e22\u0e07 (Thai); D\u00e1ng H\u00ecnh Thanh \u00c2m (Vietnamese - Ti\u1ebfng Vi\u1ec7t - TV); Kszta\u0142t twojego g\u0142osu (Polish); Koe no Kitachi", "alias": "koe-no-katachi", "date_added": "2020-04-17T00:01:26.928Z", "status": "0", "pre_image_url": "https://avt.mkklcdnv6.com/19/z/4-1583470491.jpg", "image_url": "media-images/koe-no-katachi.png", "rank": "5", "baka": true, "slug": null, "tags_string": "", "reviewed": true, "publisher_url": null, "publisher_url_2": null, "scanlator_1": null, "scanlator_2": null, "media_type": "0", "adaptation": null, "weekly_reads": 1}}, {"model": "backend.media", "pk": 53, "fields": {"chapters_length": 0, "author": "Ohba Tsugumi", "title": "Death Note", "description": "Death Note\", a laptop that kills anyone whose name is written inside. After testing with all the laptop, its credibility is confirmed by Light and is joined through an unexpected house guest - the previous owner of the laptop, a shinigami called Ryuk. Light tells Ryuk of his plan to exterminate all of the individuals he considers unfair and wrong in the planet, until only individuals whom he's deemed truthful and type stay. Once he ends creating this utopia, he means to rule over it as the self proclaimed \"God of the new world\".", "hits": 1941824, "other_names": "\u30c7\u30b9\u30ce\u30fc\u30c8 (Japanese) ; \u6b7b\u4ea1\u7b46\u8a18 (Chinese-Traditional) ; \u6b7b\u4ea1\u7b14\u8bb0 (Chinese-Simplified) ; \ub370\uc2a4\ub178\ud2b8 (Korean) ;Death Note Manga ; quy\u1ec3n s\u1ed5 thi\u00ean m\u1ec7nh (Vietnamese) ; \u0417\u043e\u0448\u0438\u0442 \u0441\u043c\u0435\u0440\u0442\u0456 (Ukranian) ; \u0422\u0435\u0442\u0440\u0430\u0434\u044c \u0441\u043c\u0435\u0440\u0442\u0438 (Russian)", "alias": "death-note", "date_added": "2020-04-17T00:01:27.062Z", "status": "0", "pre_image_url": "https://avt.mkklcdnv6.com/9/v/6-1583474504.jpg", "image_url": "media-images/death-note.png", "rank": "1", "baka": true, "slug": null, "tags_string": "", "reviewed": true, "publisher_url": null, "publisher_url_2": null, "scanlator_1": null, "scanlator_2": null, "media_type": "0", "adaptation": null, "weekly_reads": 76}}, {"model": "backend.media", "pk": 54, "fields": {"chapters_length": 0, "author": "Fuse - Kawakami Taiki", "title": "Tensei Shitara Slime Datta Ken", "description": "we are otakus!! we are otakus!! we are otakus!! we are otakus!! we are otakus!! we are otakus!! we are otakus!! we are otakus!! we are otakus!! we are otakus!! we are otakus!! we are otakus!! we are otakus!! we are otakus!! we are otakus!! we are otakus!! we are otakus!! we are otakus!! we are otakus!! we are otakus!! we are otakus!! we are otakus!! we are otakus!! we are otakus!! we are otakus!! we are otakus!! we are otakus!!", "hits": 35044683, "other_names": "\u041e \u043c\u043e\u0451\u043c \u043f\u0435\u0440\u0435\u0440\u043e\u0436\u0434\u0435\u043d\u0438\u0438 \u0432 \u0441\u043b\u0438\u0437\u044c; \u5173\u4e8e\u6211\u8f6c\u751f\u540e\u6210\u4e3a\u53f2\u83b1\u59c6\u7684\u90a3\u4ef6\u4e8b; \u8ee2\u751f\u3057\u305f\u3089\u30b9\u30e9\u30a4\u30e0\u3060\u3063\u305f\u4ef6; \uc804\uc0dd\ud588\ub354\ub2c8 \uc2ac\ub77c\uc784\uc774\uc5c8\ub358 \uac74\uc5d0 \ub300\ud558\uc5ec; Regarding My Reincarnation as a Slime; Regarding Reincarnated to Slime; \u0628\u064f\u0639\u062b \u062b\u0627\u0646\u064a\u0629 \u0648\u0644\u0643\u0646 \u0627\u0644\u0649 \u0627\u0644\u0648\u062d\u0644", "alias": "tensei-shitara-slime-datta-ken", "date_added": "2020-04-17T00:01:27.215Z", "status": "1", "pre_image_url": "https://avt.mkklcdnv6.com/19/y/2-1583466482.jpg", "image_url": "media-images/tensei-shitara-slime-datta-ken.png", "rank": "3", "baka": true, "slug": null, "tags_string": "", "reviewed": true, "publisher_url": null, "publisher_url_2": null, "scanlator_1": null, "scanlator_2": null, "media_type": "0", "adaptation": null, "weekly_reads": 23}}, {"model": "backend.media", "pk": 55, "fields": {"chapters_length": 0, "author": "Oda Eiichiro", "title": "One Piece", "description": "we are otakus!! we are otakus!! we are otakus!! we are otakus!! we are otakus!! we are otakus!! we are otakus!! we are otakus!! we are otakus!! we are otakus!! we are otakus!! we are otakus!! we are otakus!! we are otakus!! we are otakus!! we are otakus!! we are otakus!! we are otakus!! we are otakus!! we are otakus!! we are otakus!! we are otakus!! we are otakus!! we are otakus!! we are otakus!! we are otakus!! we are otakus!!", "hits": 81175292, "other_names": "\u30ef\u30f3\u30d4\u30fc\u30b9 (Japanese); \u6d77\u76d7\u8def\u98de; \u6d77\u8d3c\u738b ; \u822a\u6d77\u738b (Chinese); \uc6d0\ud53c\uc2a4 (Korean); \u0648\u0646 \u0628\u064a\u0633; \u0648\u0627\u0646 \u067e\u06cc\u0633 (Arabic); \u0110\u1ea3o H\u1ea3i T\u1eb7c (Vietnamese - Ti\u1ebfng Vi\u1ec7t - TV); \u0e27\u0e31\u0e19\u0e1e\u0e35\u0e0b (Thai)", "alias": "one-piece", "date_added": "2020-04-17T00:01:27.892Z", "status": "1", "pre_image_url": "https://avt.mkklcdnv6.com/3/u/1-1583463814.jpg", "image_url": "media-images/one-piece_uyIZpAk.png", "rank": "5", "baka": true, "slug": null, "tags_string": "", "reviewed": false, "publisher_url": null, "publisher_url_2": null, "scanlator_1": null, "scanlator_2": null, "media_type": "0", "adaptation": 22, "weekly_reads": 84}}, {"model": "backend.media", "pk": 56, "fields": {"chapters_length": 0, "author": "\nMashima Hiro ", "title": "Fairy Tail", "description": " we are otakus!! we are otakus!! we are otakus!! we are otakus!! we are otakus!! we are otakus!! we are otakus!! we are otakus!! we are otakus!! we are otakus!! we are otakus!! we are otakus!! we are otakus!! we are otakus!! we are otakus!! we are otakus!! we are otakus!! we are otakus!! we are otakus!! we are otakus!! we are otakus!! we are otakus!! we are otakus!! we are otakus!! we are otakus!! we are otakus!! we are otakus!!", "hits": 15275160, "other_names": "FAIRY TAIL [\u30d5\u30a7\u30a2\u30ea\u30fc\u30c6\u30a4\u30eb] (Japanese); \u0425\u0432\u043e\u0441\u0442 \u0424\u0435\u0438 (Russian); \u5996\u7cbe\u7684\u5c3e\u5df4 (Chinese); \u0e41\u0e1f\u0e23\u0e35\u0e48\u0e40\u0e17\u0e25 \u0e28\u0e36\u0e01\u0e08\u0e2d\u0e21\u0e40\u0e27\u0e17\u0e2d\u0e20\u0e34\u0e19\u0e34\u0e2b\u0e32\u0e23 (Thai); Ekor Peri (Indonesian); H\u1ed9i Ph\u00e1p S\u01b0 (Vietnamese - Ti\u1ebfng Vi\u1ec7t - TV); Coada Z\u00e2nei (Romanian); \u0641\u064a\u0631\u064a \u062a\u064a\u0644 - (Arabic); Cauda de Fada (Portuguese)", "alias": "fairy-tail", "date_added": "2020-04-17T00:01:28.123Z", "status": "completed", "pre_image_url": "https://avt.mkklcdnv6.com/26/p/1-1583464737.jpg", "image_url": "media-images/fairy-tail.png", "rank": "5", "baka": true, "slug": "", "tags_string": "", "reviewed": false, "publisher_url": null, "publisher_url_2": null, "scanlator_1": null, "scanlator_2": null, "media_type": "0", "adaptation": null, "weekly_reads": 35}}, {"model": "backend.media", "pk": 57, "fields": {"chapters_length": 0, "author": "Park Yong-Je", "title": "The God Of High School", "description": "It all began as a fighting tournament to seek out for the best fighter among all high school students in Korea. Mori Jin, a Taekwondo specialist and a high school student, soon learns that there is something much greater beneath the stage of the tournament.", "hits": 33155811, "other_names": "\uac13 \uc624\ube0c \ud558\uc774\uc2a4\ucfe8 (Korean); God of Highschool (English); GoH; The God of Highschool; Vidurin\u0117s Mokyklos Dievas (Lithuanian - Lietuvi\u0173 kalba); \u9ad8\u6821\u4e4b\u795e (Chinese); \u0645\u0644\u0643 \u0627\u0644\u0645\u062f\u0631\u0633\u0629 \u0627\u0644\u062b\u0627\u0646\u0648\u064a\u0629 (Arabic); V\u1ecb Th\u1ea7n Trung H\u1ecdc (Vietnamese - Ti\u1ebfng Vi\u1ec7t - TV)", "alias": "the-god-of-high-school", "date_added": "2020-04-17T00:01:28.405Z", "status": "1", "pre_image_url": "https://avt.mkklcdnv6.com/9/y/1-1583464054.jpg", "image_url": "media-images/the-god-of-high-school.png", "rank": "5", "baka": true, "slug": null, "tags_string": "", "reviewed": true, "publisher_url": null, "publisher_url_2": null, "scanlator_1": null, "scanlator_2": null, "media_type": "0", "adaptation": null, "weekly_reads": 20}}, {"model": "backend.media", "pk": 66, "fields": {"chapters_length": 0, "author": "White Fox", "title": "Re:Zero kara Hajimeru Isekai Seikatsu 2nd Season", "description": "Second season of Re:Zero kara Hajimeru Isekai Seikatsu.", "hits": 221441, "other_names": "\nSynonyms: Re: Life in a different world from zero 2nd Season, ReZero 2nd Season, Re:Zero - Starting Life in Another World 2\n  \nJapanese: Re\uff1a\u30bc\u30ed\u304b\u3089\u59cb\u3081\u308b\u7570\u4e16\u754c\u751f\u6d3b\n  \nMain\n", "alias": "re:zero-kara-hajimeru-isekai-seikatsu-2nd-season", "date_added": "2020-06-18T08:33:44.728Z", "status": "2", "pre_image_url": "https://cdn.myanimelist.net/images/anime/1615/107973.jpg", "image_url": "media-images/rezero-kara-hajimeru-isekai-seikatsu-2nd-season.png", "rank": "5", "baka": true, "slug": "", "tags_string": null, "reviewed": false, "publisher_url": null, "publisher_url_2": null, "scanlator_1": null, "scanlator_2": null, "media_type": "1", "adaptation": null, "weekly_reads": 11}}, {"model": "backend.media", "pk": 67, "fields": {"chapters_length": 0, "author": "Action", "title": "Kimetsu no Yaiba Movie: Mugen Ressha-hen", "description": "The movie adaptation of the Infinity Train arc.", "hits": 161747, "other_names": "\nSynonyms: Gekijouban Kimetsu no Yaiba: Mugen Ressha-hen, Kimetsu no Yaiba: Infinity Train, Demon Slayer Movie: InfinityTrain\n  \nJapanese: \u5287\u5834\u7248 \u9b3c\u6ec5\u306e\u5203 \u7121\u9650\u5217\u8eca\u7de8\n  \nMain\n", "alias": "kimetsu-no-yaiba-movie:-mugen-ressha-hen", "date_added": "2020-06-18T08:33:48.584Z", "status": "2", "pre_image_url": "https://cdn.myanimelist.net/images/anime/1704/106947.jpg", "image_url": "media-images/kimetsu-no-yaiba-movie-mugen-ressha-hen.png", "rank": "5", "baka": true, "slug": "", "tags_string": null, "reviewed": false, "publisher_url": null, "publisher_url_2": null, "scanlator_1": null, "scanlator_2": null, "media_type": "1", "adaptation": null, "weekly_reads": 7}}, {"model": "backend.media", "pk": 68, "fields": {"chapters_length": 0, "author": "feel.", "title": "Yahari Ore no Seishun Love Comedy wa Machigatteiru. Kan", "description": "Third season of Yahari Ore no Seishun Love Comedy wa Machigatteiru.", "hits": 150041, "other_names": "\nSynonyms: Yahari Ore no Seishun Love Comedy wa Machigatteiru. 3rd Season, My Teen Romantic Comedy SNAFU 3, Oregairu 3, My youth romantic comedy is wrong as I expected 3\n  \nJapanese: \u3084\u306f\u308a\u4ffa\u306e\u9752\u6625\u30e9\u30d6\u30b3\u30e1\u306f\u307e\u3061\u304c\u3063\u3066\u3044\u308b\u3002\u5b8c\n  \nMain\n", "alias": "yahari-ore-no-seishun-love-comedy-wa-machigatteiru.-kan", "date_added": "2020-06-18T08:33:51.932Z", "status": "2", "pre_image_url": "https://cdn.myanimelist.net/images/anime/1910/106073.jpg", "image_url": "media-images/yahari-ore-no-seishun-love-comedy-wa-machigatteiru.-kan.png", "rank": "5", "baka": true, "slug": "", "tags_string": null, "reviewed": false, "publisher_url": null, "publisher_url_2": null, "scanlator_1": null, "scanlator_2": null, "media_type": "1", "adaptation": null, "weekly_reads": 0}}, {"model": "backend.media", "pk": 69, "fields": {"chapters_length": 0, "author": "add some", "title": "Yakusoku no Neverland 2nd Season: The Promised Neverland 2nd Season", "description": "Second season of Yakusoku no Neverland.", "hits": 138597, "other_names": "English: The Promised Neverland 2nd Season\r\n  \r\nJapanese: \u7d04\u675f\u306e\u30cd\u30d0\u30fc\u30e9\u30f3\u30c9 \u7b2c2\u671f\r\n  \r\nMain", "alias": "yakusoku-no-neverland-2nd-seasonthe-promised-neverland-2nd-season", "date_added": "2020-06-18T08:33:54.625Z", "status": "2", "pre_image_url": "https://cdn.myanimelist.net/images/anime/1708/104922.jpg", "image_url": "media-images/yakusoku-no-neverland-2nd-seasonthe-promised-neverland-2nd-season.png", "rank": "5", "baka": true, "slug": "yakusoku-no-neverland-2nd-season-promised-neverland-2nd-season", "tags_string": "", "reviewed": false, "publisher_url": null, "publisher_url_2": null, "scanlator_1": null, "scanlator_2": null, "media_type": "1", "adaptation": null, "weekly_reads": 10}}, {"model": "backend.media", "pk": 70, "fields": {"chapters_length": 0, "author": "Action", "title": "Evangelion: 3.0+1.0Evangelion: 3.0+1.0 Thrice Upon a Time", "description": "The fourth and final movie of the Evangelion rebuild movie series.", "hits": 134270, "other_names": "English: Evangelion: 3.0+1.0 Thrice Upon a Time\r\n  \r\nSynonyms: Evangelion: 4.0, Rebuild of Evangelion\r\n  \r\nJapanese: \u30b7\u30f3\u30fb\u30a8\u30f4\u30a1\u30f3\u30b2\u30ea\u30aa\u30f3\u5287\u5834\u7248:||", "alias": "evangelion-thrice-upon-a-time", "date_added": "2020-06-18T08:33:57.639Z", "status": "2", "pre_image_url": "https://cdn.myanimelist.net/images/anime/1929/107081.jpg", "image_url": "media-images/evangelion-3.01.0evangelion-3.01.0-thrice-upon-a-time.png", "rank": "5", "baka": true, "slug": null, "tags_string": "", "reviewed": false, "publisher_url": null, "publisher_url_2": null, "scanlator_1": null, "scanlator_2": null, "media_type": "1", "adaptation": null, "weekly_reads": 11}}, {"model": "backend.sourcelink", "pk": 1, "fields": {"media": 47, "source": 1, "link": "https://www.webtoons.com/en/fantasy/tower-of-god/list?title_no=95"}}, {"model": "backend.sourcelink", "pk": 2, "fields": {"media": 43, "source": 2, "link": "https://mangaread.co/manga/kimetsu-no-yaiba/"}}, {"model": "backend.sourcelink", "pk": 3, "fields": {"media": 43, "source": 3, "link": "https://www.viz.com/demon-slayer-kimetsu-no-yaiba"}}, {"model": "backend.list", "pk": 2, "fields": {"title": "Best Anime to recommend for new fans", "upvotes": 0, "image": "list-images/p.png", "intro": "Are you a new anime fan or you're a seasoned otaku trying to convert someone else to our religion. Here are our picks for the best anime to do just that. This list covers a variety of anime from different areas of the spectrum, so each represent a different genre/niche in the anime landscape.", "slug": "best-anime-recommend-new-fans", "date_uploaded": "2020-06-02T13:26:19.312Z"}}, {"model": "backend.list", "pk": 3, "fields": {"title": "best comedy anime", "upvotes": 1, "image": "list-images/p_aOl1sej.png", "intro": "efefe", "slug": "best-comedy-anime", "date_uploaded": "2020-06-02T13:33:20.710Z"}}, {"model": "backend.list", "pk": 4, "fields": {"title": "Love strategy, these anime are for you", "upvotes": 1, "image": "list-images/p_m5PYqOP.png", "intro": "best strat anime", "slug": "love-strategy-these-anime-are-you", "date_uploaded": "2020-06-02T13:38:59.017Z"}}, {"model": "backend.list", "pk": 5, "fields": {"title": "there can only be one winner, let's go", "upvotes": 2, "image": "list-images/p_Z1vmHbJ.png", "intro": "kweifjwjfoeaw", "slug": "there-can-only-be-one-winner-lets-go", "date_uploaded": "2020-06-02T13:39:42.748Z"}}, {"model": "backend.list", "pk": 7, "fields": {"title": "10 anime handpicked by me to use as a test", "upvotes": 155, "image": "list-images/605192.png", "intro": "Lorem ipsum dolor sit amet consectetur adipisicing elit. Maxime iste rem sunt maiores autem consectetur vitae impedit itaque doloremque, magni, voluptatibus dolorum atque soluta in ipsum eaque officia. Amet, voluptates!Lorem ipsum dolor sit amet consectetur adipisicing elit. Maxime iste rem sunt maiores autem consectetur vitae impedit itaque doloremque, magni, voluptatibus dolorum atque soluta in ipsum eaque officia. Amet, voluptates!Lorem ipsum dolor sit amet consectetur adipisicing elit. Maxime iste rem sunt maiores autem consectetur vitae impedit itaque doloremque, magni, voluptatibus dolorum atque soluta in ipsum eaque officia. Amet, voluptates!Lorem ipsum dolor sit amet consectetur adipisicing elit. Maxime iste rem sunt maiores autem consectetur vitae impedit itaque doloremque, magni, voluptatibus dolorum atque soluta in ipsum eaque officia. Amet, voluptates!", "slug": "10-anime-handpicked-me-use-test", "date_uploaded": "2020-06-02T14:06:58.430Z"}}, {"model": "backend.listsection", "pk": 1, "fields": {"media": 57, "list": null, "review": "it's really one of the best, just a bit tilted", "position": 10}}, {"model": "backend.listsection", "pk": 2, "fields": {"media": 55, "list": null, "review": "aloowolw", "position": 4}}, {"model": "backend.listsection", "pk": 3, "fields": {"media": 44, "list": 7, "review": "Lorem ipsum dolor sit amet consectetur adipisicing elit. Maxime iste rem sunt maiores autem consectetur vitae impedit itaque doloremque, magni, voluptatibus dolorum atque soluta in ipsum eaque officia. Amet, voluptates!", "position": 1}}, {"model": "backend.listsection", "pk": 4, "fields": {"media": 57, "list": 7, "review": "Lorem ipsum dolor sit amet consectetur adipisicing elit. Maxime iste rem sunt maiores autem consectetur vitae impedit itaque doloremque, magni, voluptatibus dolorum atque soluta in ipsum eaque officia. Amet, voluptates!", "position": 2}}, {"model": "backend.listsection", "pk": 5, "fields": {"media": 47, "list": 7, "review": "Lorem ipsum dolor sit amet consectetur adipisicing elit. Maxime iste rem sunt maiores autem consectetur vitae impedit itaque doloremque, magni, voluptatibus dolorum atque soluta in ipsum eaque officia. Amet, voluptates!", "position": 3}}, {"model": "backend.listsection", "pk": 6, "fields": {"media": 50, "list": 7, "review": "Lorem ipsum dolor sit amet consectetur adipisicing elit. Maxime iste rem sunt maiores autem consectetur vitae impedit itaque doloremque, magni, voluptatibus dolorum atque soluta in ipsum eaque officia. Amet, voluptates!", "position": 4}}, {"model": "backend.listsection", "pk": 7, "fields": {"media": 42, "list": 7, "review": "Lorem ipsum dolor sit amet consectetur adipisicing elit. Maxime iste rem sunt maiores autem consectetur vitae impedit itaque doloremque, magni, voluptatibus dolorum atque soluta in ipsum eaque officia. Amet, voluptates!Lorem ipsum dolor sit amet consectetur adipisicing elit. Maxime iste rem sunt maiores autem consectetur vitae impedit itaque doloremque, magni, voluptatibus dolorum atque soluta in ipsum eaque officia. Amet, voluptates!Lorem ipsum dolor sit amet consectetur adipisicing elit. Maxime iste rem sunt maiores autem consectetur vitae impedit itaque doloremque, magni, voluptatibus dolorum atque soluta in ipsum eaque officia. Amet, voluptates!Lorem ipsum dolor sit amet consectetur adipisicing elit. Maxime iste rem sunt maiores autem consectetur vitae impedit itaque doloremque, magni, voluptatibus dolorum atque soluta in ipsum eaque officia. Amet, voluptates!", "position": 5}}, {"model": "backend.listsection", "pk": 8, "fields": {"media": 52, "list": 7, "review": "Lorem ipsum dolor sit amet consectetur adipisicing elit. Maxime iste rem sunt maiores autem consectetur vitae impedit itaque doloremque, magni, voluptatibus dolorum atque soluta in ipsum eaque officia. Amet, voluptates!Lorem ipsum dolor sit amet consectetur adipisicing elit. Maxime iste rem sunt maiores autem consectetur vitae impedit itaque doloremque, magni, voluptatibus dolorum atque soluta in ipsum eaque officia. Amet, voluptates!Lorem ipsum dolor sit amet consectetur adipisicing elit. Maxime iste rem sunt maiores autem consectetur vitae impedit itaque doloremque, magni, voluptatibus dolorum atque soluta in ipsum eaque officia. Amet, voluptates!", "position": 6}}, {"model": "backend.listsection", "pk": 9, "fields": {"media": 49, "list": 7, "review": "Lorem ipsum dolor sit amet consectetur adipisicing elit. Maxime iste rem sunt maiores autem consectetur vitae impedit itaque doloremque, magni, voluptatibus dolorum atque soluta in ipsum eaque officia. Amet, voluptates!Lorem ipsum dolor sit amet consectetur adipisicing elit. Maxime iste rem sunt maiores autem consectetur vitae impedit itaque doloremque, magni, voluptatibus dolorum atque soluta in ipsum eaque officia. Amet, voluptates!", "position": 7}}, {"model": "backend.listsection", "pk": 10, "fields": {"media": 43, "list": 7, "review": "Lorem ipsum dolor sit amet consectetur adipisicing elit. Maxime iste rem sunt maiores autem consectetur vitae impedit itaque doloremque, magni, voluptatibus dolorum atque soluta in ipsum eaque officia. Amet, voluptates!Lorem ipsum dolor sit amet consectetur adipisicing elit. Maxime iste rem sunt maiores autem consectetur vitae impedit itaque doloremque, magni, voluptatibus dolorum atque soluta in ipsum eaque officia. Amet, voluptates!", "position": 8}}, {"model": "backend.listsection", "pk": 11, "fields": {"media": 55, "list": 7, "review": "Lorem ipsum dolor sit amet consectetur adipisicing elit. Maxime iste rem sunt maiores autem consectetur vitae impedit itaque doloremque, magni, voluptatibus dolorum atque soluta in ipsum eaque officia. Amet, voluptates!Lorem ipsum dolor sit amet consectetur adipisicing elit. Maxime iste rem sunt maiores autem consectetur vitae impedit itaque doloremque, magni, voluptatibus dolorum atque soluta in ipsum eaque officia. Amet, voluptates!Lorem ipsum dolor sit amet consectetur adipisicing elit. Maxime iste rem sunt maiores autem consectetur vitae impedit itaque doloremque, magni, voluptatibus dolorum atque soluta in ipsum eaque officia. Amet, voluptates!Lorem ipsum dolor sit amet consectetur adipisicing elit. Maxime iste rem sunt maiores autem consectetur vitae impedit itaque doloremque, magni, voluptatibus dolorum atque soluta in ipsum eaque officia. Amet, voluptates!Lorem ipsum dolor sit amet consectetur adipisicing elit. Maxime iste rem sunt maiores autem consectetur vitae impedit itaque doloremque, magni, voluptatibus dolorum atque soluta in ipsum eaque officia. Amet, voluptates!Lorem ipsum dolor sit amet consectetur adipisicing elit. Maxime iste rem sunt maiores autem consectetur vitae impedit itaque doloremque, magni, voluptatibus dolorum atque soluta in ipsum eaque officia. Amet, voluptates!Lorem ipsum dolor sit amet consectetur adipisicing elit. Maxime iste rem sunt maiores autem consectetur vitae impedit itaque doloremque, magni, voluptatibus dolorum atque soluta in ipsum eaque officia. Amet, voluptates!Lorem ipsum dolor sit amet consectetur adipisicing elit. Maxime iste rem sunt maiores autem consectetur vitae impedit itaque doloremque, magni, voluptatibus dolorum atque soluta in ipsum eaque officia. Amet, voluptates!Lorem ipsum dolor sit amet consectetur adipisicing elit. Maxime iste rem sunt maiores autem consectetur vitae impedit itaque doloremque, magni, voluptatibus dolorum atque soluta in ipsum eaque officia. Amet, voluptates!", "position": 9}}, {"model": "backend.listsection", "pk": 12, "fields": {"media": 53, "list": 7, "review": "Lorem ipsum dolor sit amet consectetur adipisicing elit. Maxime iste rem sunt maiores autem consectetur vitae impedit itaque doloremque, magni, voluptatibus dolorum atque soluta in ipsum eaque officia. Amet, voluptates!Lorem ipsum dolor sit amet consectetur adipisicing elit. Maxime iste rem sunt maiores autem consectetur vitae impedit itaque doloremque, magni, voluptatibus dolorum atque soluta in ipsum eaque officia. Amet, voluptates!Lorem ipsum dolor sit amet consectetur adipisicing elit. Maxime iste rem sunt maiores autem consectetur vitae impedit itaque doloremque, magni, voluptatibus dolorum atque soluta in ipsum eaque officia. Amet, voluptates!", "position": 10}}, {"model": "backend.elitemangareview", "pk": 1, "fields": {"moment": "<p><b>Presentation:</b></p><p><b>Consistency:</b></p><p><b>Predictability:</b></p><p><b>Effort:</b></p><p><b>Main Genre of Moments:</b></p><p><b><br></b></p>", "moment_score": 8, "plot": "<p><span style=\"font-weight: 700;\">Realism:</span></p><p><span style=\"font-weight: 700;\">Premise:</span></p><p><span style=\"font-weight: 700;\">Pacing:</span></p><p><span style=\"font-weight: 700;\">Complexity:</span></p><p><span style=\"font-weight: 700;\">Immersion:</span></p><p><span style=\"font-weight: 700;\">Conclusion:</span></p>", "plot_score": 9, "characters": "<p><b>Personality:</b></p><p><b>Chemistry:</b></p><p><b>Backdrop:</b></p><p><b>Likability:</b></p><p><b>Development:</b></p>", "characters_score": 8, "quality": "<p><b>Sound:</b></p><p><b>Voice Acting:</b></p><p><b>Art style:</b></p><p><b>Animation Quality:</b></p>", "quality_score": 7, "remark": "Lorem ipsum dolor sit amet, consectetur adipisicing elit. Ab reiciendis laboriosam cupiditate iure tempore quae vel veniam harum numquam assumenda vitae quasi ad ipsum cumque, doloribus quam nemo voluptatem dolor.", "total_score": 32, "media_review": 55}}, {"model": "backend.elitemangareview", "pk": 2, "fields": {"moment": "<p><span style=\"font-weight: 700;\">Consistency: </span>This series does a very good job with consistency. Moments in these series all manage to generate hype and excitement in a reader and as the series progresses, the author gets better with these moments.<br></p><p><span style=\"font-weight: 700;\">Predictability: </span>A lot of moments in this series are predictable. But, this is not really the fault of the writer. The predictability occurs because the main character is overpowered and a major plot line of this series is based around his overwhelming strength. Hence, fights and all other kinds of confrontations almost always end in his favor.</p><p><span style=\"font-weight: 700;\">Effort: </span>The author definitely put a lot of effort into setting up these moments and it really shows. Very rarely will a reader feel underwhelmed or feel that the moment had an unsatisfactory conclusion</p><p><b>Presentation: </b>The presentation of these moments are definitely top notch, the setup, execution and conclusion are all done really well and the art only makes it better.</p>", "moment_score": 9, "plot": "<p><span style=\"font-weight: 700;\">Premise: </span>The premise of this series is pretty underwhelming to be honest. \"Zero to hero\", that's a really overused plotline. It has a twist though; and thats where the uniqueness comes in. Normally, we witness as the hero gets stronger during the series but Solo Leveling is different. Within 50 chapters, he's already one of the strongest and with a few more, he eclipses all others. Because of this, the author has diverged away from the generic \"underdog\" plotline and has moved into something way more unique and far better all based on Sung Jin Woo's ability to \"Level Up\"<br></p><p><span style=\"font-weight: 700;\">Pacing: </span>The pacing is average. For the most part, the author paces the series reasonably but once in a while, the whole thing just goes out of sync just to forward the plot. A single fight could take 4 chapters while an entire month could be done in the first half of a chapter.</p><p><span style=\"font-weight: 700;\">Complexity: </span>The plot of this series is simple enough. It centers around the mc's ability to level up and the author has the good sense not to over-complicate it.</p><p><span style=\"font-weight: 700;\">Immersion: </span>This series shines in immersion. The fights and dialogues between certain characters create so much excitement in a reader.&nbsp;</p><p><span style=\"font-weight: 700;\">Realism: </span>Well, it's a manhwa and characters in manwha tend to act smart all the time and suddenly make stupid decisions at crucial times just to forward the plot. Thankfully, solo leveling isn't like that and characters make decisions logically without going against their display characteristics.<span style=\"font-weight: 700;\"><br></span></p><p><span style=\"font-weight: 700;\">Conclusion:</span></p><p>Solo Leveling is one of the best manwha out there. But, that's the thing; It's a Manwha and hence suffers from the same flaws and generic cliche as most of it's brethren. The main plot is a classic underdog story; but unlike most of it's peers, the main character peaks pretty early. So, even though he starts as the lowest of the low, he experiences exponential growth and the story quickly leaves this subplot behind. The rest o the story is then primarily driven by the suspense surrounding his mysterious powers and his ability to \"Level Up\" along with some of the most epic fights ever drawn.</p>", "plot_score": 7, "characters": "<p><span style=\"font-weight: 700;\">Personality: </span>The majority of the characters in this series are cut from the same cloth \u2014 stoic and aloof. Of course, most of them are hunters and regularly put their lives on the line. But, it would have been a great improvement if there was more variety among the characters.</p><p><span style=\"font-weight: 700;\">Chemistry: </span>Chemistry between characters is top notch. Like I said, they are really alike so their interactions flow seamlessly.&nbsp;</p><p><span style=\"font-weight: 700;\">Backdrop:</span></p><p><span style=\"font-weight: 700;\">Likability: </span>Apart from the mc, the rest of the cast is just \"meh\". They evoke no emotions whatsoever in the reader. It's pretty common to get hyped over a particular character though</p><p><span style=\"font-weight: 700;\">Development: </span>There's little development in this series. In the early chapters, the mc does undergo some growth but go further a bit more and he just stalls. He gets more powerful, true. But, that becomes the only thing that actually changes about him.</p><p><b>Conclusion:</b></p><p>The characters are bland \u2014 painfully so. The mc is stiff and unrelatable and most of the supporting characters are more of the same. Comedy isn't really present and it's more of going from one epic fight to the next. Most of the characters are proud and overconfident and their taking down by fights or feats brings a bit of humor into the series</p>", "characters_score": 5, "quality": "<p><b>Art Quality:&nbsp;</b>The art is good,and distinctive. Colors are vibrant and it's easy to interpret. It has a lot of epic panels to go along with the epic fights. Solo leveling has spawned a thousand epic wallpapers and before it's done, it will spawn a thousand more.</p>", "quality_score": 8, "remark": "Overall, this is a very good read and one I recommend for anyone interested in manhwa. The plot isn't strong and the lack of emotion from characters don't do it any favors. But, it is something everyone should enjoy. If you just want to read as bad guys get destroyed by someone they feel is weaker than them and you want to take a break from more complex series with a bazillion subplots and just watch a full on showdown then Solo Leveling is for you.", "total_score": 29, "media_review": 46}}, {"model": "backend.elitemangareview", "pk": 3, "fields": {"moment": "<p>Nothing to say. It is chock full of good moments that engross you completely. The author does a good job of portraying emotion in this series and there are a lot of heartfelt moments. Action fans shouldn't despair though; there's also a lot of \"demon-slaying\" to keep you satisfied.</p><p><b>Execution: </b>Hats off to the animators and artists on this series. The anime and manga both have perfectly executed scenes. They are really skilled at building up the suspense and excitement for a scene and then delivering said scene flawlessly. The anime outshines the manga in this regard though</p><p><span style=\"font-weight: 700;\">Consistency: </span>Very, very consistent. Every scene is well done and there's no drop in quality or execution</p><p><span style=\"font-weight: 700;\">Predictability:&nbsp; </span>The majority of the scenes are predictable and plot twists are few and far between. This doesn't take away from the enjoyment in any way though. It's one thing to expect something; it's another to see it being executed flawlessly</p><p><span style=\"font-weight: 700;\">Effort: </span>There's so much effort put into this series(the manga and the anime). The animators and the artist gave it their 100%</p><div><span style=\"font-weight: 700;\"><br></span></div>", "moment_score": 8, "plot": "<p><span style=\"font-weight: 700;\">Premise: </span>The premise isn't exciting. It isn't very unique as the concept of demons(vampires) and demon hunters has been done before; even the whole \"revenge\" thing is pretty dated. So, all in all, the premise of the series is a letdown.<br></p><p><span style=\"font-weight: 700;\">Pacing: </span>The pacing is normal. The author did a good job with this.</p><p><span style=\"font-weight: 700;\">Complexity: </span>The plot isn't too complex. You shouldn't have any problems following it</p><p><span style=\"font-weight: 700;\">Immersion:&nbsp;</span>This series has the ability to draw a viewer in and make you so heavily invested in it. Be warned though, it is not for the weak of heart.</p><p><span style=\"font-weight: 700;\">Conclusion:</span></p><p>The plot could have been better, true. But, it's not bad enough to tarnish the image of this series.&nbsp;</p>", "plot_score": 6, "characters": "<p>The characters are vibrant and full of life. They don't just seem like drawn people and this series will manage to evoke a lot of emotion in all but the most coldhearted of readers. The characters are varied and you will meet just about every kind of person you would expect to. The supporting characters are really good as well and do a good job, along with the main characters bring a bit of humor to the series; all while the tragic setting lurks in the background.</p><p><span style=\"font-weight: 700;\">Personality: </span>Top marks on this aspect. The characters are unique and all manage to establish their own identity. Of course, there are some weird characters but most of these are side characters and don't have much to do with the story.</p><p><span style=\"font-weight: 700;\">Chemistry: </span>The characters get along well and their relations bring smiles to the face of any reader.&nbsp;</p><p><span style=\"font-weight: 700;\">Likability: </span>tThe characters are likable and are one of the high points of the series. This series has made a lot of profit from merchandise and that is mostly due to the likability of the characters</p><p><span style=\"font-weight: 700;\">Development: </span>Character development occurs throughout the series. It might not be too obvious but it does happen.&nbsp;</p>", "characters_score": 9, "quality": "<p><u>Anime</u></p><p><span style=\"font-weight: 700;\">Sound: </span>This anime has really good audio.&nbsp;</p><p><span style=\"font-weight: 700;\">Voice Acting: </span>Do yourself a favor and watch with Japanese Audio. It's really good.</p><p><span style=\"font-weight: 700;\">Animation Quality: </span>The animation quality is really good; this is a major reason for the popularity of the anime.</p><p><u>Manga</u></p><p><b>Art style:</b>The art style is good enough. Not the best out there but far from the worst.</p><p><b>Communication: </b>Understanding the panels is not an ardous task.</p>", "quality_score": 9, "remark": "It is no surprise that this particular series won awards as well as gained a massive following. It is a testament to show that execution sometimes is enough to balance out a lacklustre plot. This is a must read/watch. You won't regret it.", "total_score": 32, "media_review": 43}}, {"model": "backend.elitemangareview", "pk": 4, "fields": {"moment": "This series is full of beautiful moments. Unfortunately, I cannot go into details without spoiling but I assure you that you won't be disappointed. There are a lot of dry spells and the arcs do not maintain the same tempo.", "moment_score": 8, "plot": "The plot of this series is sound and the progression is laudable. We experience the main character (as well as some supporting characters) grow as the series progresses. It is influenced by a lot of superhero tropes(arch nemesis, mentors, lack of self-preservation). A bunch of subplots are introduced as the series progresses and there are no jarring plotholes as of yet but that's it; nothing bad but noting exceptional either.", "plot_score": 6, "characters": "Character development is a major part of this series. The author introduces the majority of the cast in the first few chapters and from there, we just watch them develop along with the rest of the series. The characters are lively; and although there is not really much depth to them, you may still grow to love them. The main character himself is a typical shounen hero, underpowered at first but with his \"never give up attitude\" finds a way to come out on top. An overused trope? True. But, executed well in this case", "characters_score": 5, "quality": "The art is good. The anime art feels a lot cleaner compared to the manga. The author usually tries to show too much of what is going on and everything later ends up a splotchy mess. With the anime though, the animators did a really good job and everything is crisp and clean; especially those fight scenes we love so much", "quality_score": 7, "remark": "Overall, Boku no hero Academia is a nice read/watch. It is not one of the best anime ever made, but it certainly is one of the good ones that I'll recommend to anyone interested in anime. The quirks, the school setting and most especially the relationships between characters are truly its selling point.", "total_score": 26, "media_review": 44}}, {"model": "backend.elitemangareview", "pk": 5, "fields": {"moment": "This anime is funny, ridiculously so. That's to be expected though, seeing as it is a gag series. There are moments that will have you howling with laughter and at the same time, moments that get you revved up. One punch man is the perfect mix of both; comedy and action, hand in hand. Just avoid Tatsumaki :)", "moment_score": 9, "plot": "An anime with the most unique of plots. No zero to hero story here, no years of training to become the strongest; nothing like that. Just a guy, who from the very first episode is already the strongest in the world. The author went against the norm and in the process created one of the best manga ever made.", "plot_score": 9, "characters": "The characters are good, very few stand out as exceptional but they perform their role well. Most of the characters are flat and we're supplied with precious few information about them. The only character we might emotionally connect with; even a little bit is Mumen Rider and Saitama himself(Hair loss can be painful). The characters fit in well enough with the comedic undertones and it's always satisfying when Saitama knocks out a villain delivering a 7-minute monologue.", "characters_score": 7, "quality": "One punch man was originally released as a webtoon and the art is horrible. Downright horrible. Thankfully, it got licensed and was redrawn. The redrawn art is really good. People and landscapes come out well and continuity across panels is good.\r\n\r\n\u2014\u2014\u2014\u2014\u2014\u2014\u2014\u2014\u2014\u2014\u2014 Anime\r\nThe animation studios did a good job. Sound, Animation, Color. Everything checks out. The season one animation was especially praised.", "quality_score": 7, "remark": "Overall, One punch man is a very good anime with loads of comedic moments. It's best if you accept early on that it's a gag anime though; otherwise, you might get irked by how easy his fights are. For it's unique plot and adventuring into an area that few authors do, it deserves an S rating", "total_score": 32, "media_review": 51}}, {"model": "backend.elitemangareview", "pk": 38, "fields": {"moment": "There are a lot of exaggerated moments and actions. But, this is understandable as battles in this series are ones of wit and intellect. Scenes with actual action are few and sparse between. This does not mean that the scenes are any less intense than actual fight scenes. The sight of minds far smarter than ours outplaying and countering each other is truly a beautiful thing to behold", "moment_score": 6, "plot": "No man should be God. That's the single most important phrase driving this beautiful series. A genius; suddenly gifted with the ability to fix society by removing all those who would harm it. But, should this amount of power be wielded by any man? If for the sake of justice, you go against the very laws that should uphold justice. Are you still right? Are you still just? or have you become God?\r\nWatch Death note, 10/10 for plot and story.", "plot_score": 10, "characters": "This is more of a mixed bag. On one hand, there are good characters adding flair to the series. On the other, there are extremely bad characters that do absolutely nothing with the series. One major gripe I have with it is that the women are portrayed as being extremely dumb. Not just dumb, extremely dumb and apart from Light and L, everyone else just seems a tad slower. Surprisingly, the worst character in this series is Light himself(Okay, either Light or *cough* Misa *cough*). He is a terribly flat character, and from the very first episode, there is zero character development on his part. The same goes for L, he and Light are basically carbon copies, just on opposite sides of the same conflicts. They performed wonderfully well as main characters but unfortunately, they could have been written better.", "characters_score": 6, "quality": "The art is \"meh\", especially the anime. It was released in 2006 and animation styles have gotten far better since then. It is not really a big issue and once you are a few episodes in; you will forget entirely about it as the story pulls you in.", "quality_score": 5, "remark": "To be honest, death note has many flaws. It could have been done better, characters could have been fleshed out better. But, all these flaws don't take away from the greatness of this series. It is one of those series, the ones that make anime stand out from other forms of media. The uniqueness of the plot garnered millions of fans for anime from across the world and that is why Death Note has earned its spot, in the Kami category", "total_score": 27, "media_review": 53}}, {"model": "backend.elitemangareview", "pk": 39, "fields": {"moment": "There are some deeply emotional moments as well as adequate buildup and execution of powerful scenes. Okay, forget all this. Just watch it.", "moment_score": 9, "plot": "In an alchemical ritual gone wrong, Edward Elric lost his arm and his leg, and his brother Alphonse became nothing but a soul in a suit of armor. Equipped with mechanical \"auto-mail\" limbs, Edward becomes a state alchemist, seeking the one thing that can restore his brother and himself... the legendary Philosopher's Stone.\r\nYes, this is an exact copy of the description. I can't tell you about the plot but it's good; extremely good.", "plot_score": 9, "characters": "You're still here????\r\nWatch it already.", "characters_score": 9, "quality": "The Art is dated, for both the manga and the anime. I'd advise you to watch brotherhood instead of the original. There are few differences and brotherhood is a better version in every way", "quality_score": 9, "remark": "Fullmetal Alchemist is one of the best anime ever created. It managed to merge so many genres, so many plot-lines, so many experiences into one series with some of the best storytelling I've ever seen.", "total_score": 36, "media_review": 48}}, {"model": "backend.elitemangareview", "pk": 40, "fields": {"moment": "Nothing too fancy, nothing too bad. The moments in this story were mostly average with a few highs and also a few lows which kinda balances out at the end.", "moment_score": 6, "plot": "If you're into character-driven stories with imperfect characters who try to atone, and moments that will make you ugly cry, then you will enjoy this. The movie adaptation didn't have enough time to go into some characters' motivations and in the manga, there are a bunch of useless subplots that don't really influence the story in any way but it all ties in nicely; and the ending; especially if you watch the anime might just have you bawling like a baby.", "plot_score": 7, "characters": "", "characters_score": 0, "quality": "", "quality_score": 0, "remark": "", "total_score": 13, "media_review": 52}}, {"model": "backend.elitemangareview", "pk": 41, "fields": {"moment": "", "moment_score": 9, "plot": "", "plot_score": 9, "characters": "No other anime/manga/manwha has a cast as varied and a culture as rich as Tower of God (with the possible exception of one piece). From the beginning, we're presented with the idea of a giant tower with each floor as big as Asia, we are then given a cast from different cultures and backgrounds, with different motivations and appearances. We meet the families, whom all have a trait unique to them. We meet the good guys, the bad guys and the thousands of people just trying to surivive. We are also presented with the relationship dynamics between Rachel and Bam; between Bam and Khun *cough* Hunter x Hunter *cough*. All in all, the cast and characters of this series are rich and diverse and rarely a chapter passes without someone new being introduced.", "characters_score": 9, "quality": "The art is good, surprisingly so. This is the author's first manwha and it shows. The first 20 chapters have very mediocre art but after that, the quality improves a ton and not long after, it matures and can now compete with the best.", "quality_score": 8, "remark": "Tower of God is hands down the best manwha around right now. The strong plot, interesting characters, compelling suspense; the author has done a really good job. The anime only has 12 episodes right now. But, the manga has gone a whole lot further; since the art is clean and the manga has no obvious artistic flaws, I'd advise you to read the manga while we wait for the anime to catch up", "total_score": 35, "media_review": 47}}, {"model": "backend.elitemangareview", "pk": 42, "fields": {"moment": "Nothing too shabby.", "moment_score": 6, "plot": "The plot is bonkers. But, it's more for laughs and an interesting experience than actual plot. The series does a good enough job of introducing just enough suspense to make us read the next chapter/episode. The plot is unpredictable and that's part of the allure.", "plot_score": 7, "characters": "The characters are bland and plain. Rimuru is the one shred of light on an otherwise barren series.", "characters_score": 4, "quality": "The art is good, for both the manga and anime. It's relatively new; so no outdated styles of animation here.", "quality_score": 7, "remark": "That time I got reincarnated as a slime is truly an interesting read/watch. It's full of humor and wacky characters and is sure to bring a smile to your face. It's still an anime though and there are some truly heartbreaking scenes scattered here and there", "total_score": 24, "media_review": 54}}, {"model": "backend.elitemangareview", "pk": 43, "fields": {"moment": "In this category, GOH truly shines. It is rife full with captivating moments and beautifully drawn action scenes. The author did a very good job with setup, execution and finishing of moments in this series. The ridiculously overpowered also help with this aspect; when a certain character(name withheld) says \"Ryui Jingu, grow\", You're screaming before you even realize it.", "moment_score": 8, "plot": "This is a weak point for this series. The plot seems unstable and changes at the author's whims. The author tries to establish a recurring plotline but goes about it a roundabout way and with that, introduces new plotlines that when they've served their purpose are suddenly cut off. At the end, it just seems like the plot is secondary to the action and the author just writes whatever is best to set up the next fight .", "plot_score": 5, "characters": "Like its sibling manwhas, The God of highschool has a lot of characters and it actually does a really good job of fleshing out the important ones. Unfortunately, the plot doesn't do any favors and they often perform actions against their character. Once again, this is an aspect that suffers from the author being so focused on setting up the next fight", "characters_score": 5, "quality": "The art quality is good. Action scenes are done well enough and the author expresses humor through the art well.", "quality_score": 7, "remark": "God of highschool is good, but not the best. It's good action scenes and art quality are just not enough to overlook the shabby plot and stupid characters. It actually starts off really good and the promise of the series is evident early on. A few arcs in though and the plot is in full train wreck mode. If you hate overpowered characters, a thousand plot holes, little character development, zero humor, just battle after battle. Then, this is not the series for you.", "total_score": 25, "media_review": 57}}, {"model": "backend.review", "pk": 1, "fields": {"author": 2, "media": 22, "content": "I love one piece\n", "created": "2020-04-17", "moment_score": 0, "plot_score": 0, "characters_score": 0, "quality_score": 0}}, {"model": "backend.review", "pk": 2, "fields": {"author": 2, "media": 51, "content": "all\n", "created": "2020-04-18", "moment_score": 0, "plot_score": 0, "characters_score": 0, "quality_score": 0}}, {"model": "backend.review", "pk": 3, "fields": {"author": 2, "media": 51, "content": "I am cool", "created": "2020-04-18", "moment_score": 0, "plot_score": 0, "characters_score": 0, "quality_score": 0}}, {"model": "backend.review", "pk": 4, "fields": {"author": 2, "media": 51, "content": "turn to dust", "created": "2020-04-18", "moment_score": 0, "plot_score": 0, "characters_score": 0, "quality_score": 0}}, {"model": "backend.review", "pk": 5, "fields": {"author": 2, "media": 51, "content": "take it back", "created": "2020-04-18", "moment_score": 0, "plot_score": 0, "characters_score": 0, "quality_score": 0}}, {"model": "backend.review", "pk": 8, "fields": {"author": 2, "media": 43, "content": "wa", "created": "2020-05-19", "moment_score": 3, "plot_score": 4, "characters_score": 6, "quality_score": 5}}, {"model": "backend.review", "pk": 9, "fields": {"author": 2, "media": 53, "content": "jihuhuhuhu", "created": "2020-05-29", "moment_score": 0, "plot_score": 0, "characters_score": 0, "quality_score": 0}}, {"model": "backend.review", "pk": 11, "fields": {"author": 2, "media": 56, "content": "too much fanservice", "created": "2020-07-15", "moment_score": 0, "plot_score": 0, "characters_score": 0, "quality_score": 0}}, {"model": "backend.review", "pk": 12, "fields": {"author": 2, "media": 56, "content": "i really like it though", "created": "2020-07-15", "moment_score": 7, "plot_score": 5, "characters_score": 8, "quality_score": 9}}, {"model": "backend.review", "pk": 13, "fields": {"author": 2, "media": 43, "content": "It's really good", "created": "2020-07-15", "moment_score": 8, "plot_score": 9, "characters_score": 7, "quality_score": 10}}, {"model": "backend.review", "pk": 14, "fields": {"author": 2, "media": 53, "content": "all", "created": "2020-07-17", "moment_score": 0, "plot_score": 0, "characters_score": 0, "quality_score": 0}}, {"model": "backend.review", "pk": 15, "fields": {"author": 2, "media": 43, "content": "hehe", "created": "2020-07-17", "moment_score": 0, "plot_score": 0, "characters_score": 0, "quality_score": 0}}, {"model": "backend.review", "pk": 16, "fields": {"author": 2, "media": 43, "content": "trivia", "created": "2020-07-17", "moment_score": 0, "plot_score": 0, "characters_score": 0, "quality_score": 0}}, {"model": "backend.review", "pk": 17, "fields": {"author": 20, "media": 56, "content": "f youuuu", "created": "2020-08-18", "moment_score": 0, "plot_score": 0, "characters_score": 0, "quality_score": 0}}, {"model": "backend.comment", "pk": 1, "fields": {"author": 2, "review": 1, "created": "2020-04-17", "content": "It's really good\n"}}, {"model": "backend.comment", "pk": 2, "fields": {"author": 2, "review": 12, "created": "2020-07-15", "content": "bakayaro"}}, {"model": "backend.comment", "pk": 3, "fields": {"author": 2, "review": 12, "created": "2020-07-15", "content": "of course, you're that dumb\n"}}, {"model": "backend.announcement", "pk": 1, "fields": {"title": "Welcome to Elitemanga", "content": "Hi There, welcome to our site for anime and manga lovers. Lorem ipsum dolor sit amet consectetur adipisicing elit. Maxime iste rem sunt maiores autem consectetur vitae impedit itaque doloremque, magni, voluptatibus dolorum atque soluta in ipsum eaque officia. Amet, voluptates!Lorem ipsum dolor sit amet consectetur adipisicing elit. Maxime iste rem sunt maiores autem consectetur vitae impedit itaque doloremque, magni, voluptatibus dolorum atque soluta in ipsum eaque officia. Amet, voluptates!Lorem ipsum dolor sit amet consectetur adipisicing elit. Maxime iste rem sunt maiores autem consectetur vitae impedit itaque doloremque, magni, voluptatibus dolorum atque soluta in ipsum eaque officia. Amet, voluptates!Lorem ipsum dolor sit amet consectetur adipisicing elit. Maxime iste rem sunt maiores autem consectetur vitae impedit itaque doloremque, magni, voluptatibus dolorum atque soluta in ipsum eaque officia. Amet, voluptates!", "date_written": "2020-07-31T16:12:14.454Z", "slug": "welcome-to-elitemanga"}}, {"model": "backend.announcement", "pk": 2, "fields": {"title": "ajwefjaiwjfialsnkjsajiojweifijaowejiwae", "content": "Lorem ipsum dolor sit amet consectetur adipisicing elit. Maxime iste rem sunt maiores autem consectetur vitae impedit itaque doloremque, magni, voluptatibus dolorum atque soluta in ipsum eaque officia. Amet, voluptates!Lorem ipsum dolor sit amet consectetur adipisicing elit. Maxime iste rem sunt maiores autem consectetur vitae impedit itaque doloremque, magni, voluptatibus dolorum atque soluta in ipsum eaque officia. Amet, voluptates!Lorem ipsum dolor sit amet consectetur adipisicing elit. Maxime iste rem sunt maiores autem consectetur vitae impedit itaque doloremque, magni, voluptatibus dolorum atque soluta in ipsum eaque officia. Amet, voluptates!Lorem ipsum dolor sit amet consectetur adipisicing elit. Maxime iste rem sunt maiores autem consectetur vitae impedit itaque doloremque, magni, voluptatibus dolorum atque soluta in ipsum eaque officia. Amet, voluptates!Lorem ipsum dolor sit amet consectetur adipisicing elit. Maxime iste rem sunt maiores autem consectetur vitae impedit itaque doloremque, magni, voluptatibus dolorum atque soluta in ipsum eaque officia. Amet, voluptates!Lorem ipsum dolor sit amet consectetur adipisicing elit. Maxime iste rem sunt maiores autem consectetur vitae impedit itaque doloremque, magni, voluptatibus dolorum atque soluta in ipsum eaque officia. Amet, voluptates!Lorem ipsum dolor sit amet consectetur adipisicing elit. Maxime iste rem sunt maiores autem consectetur vitae impedit itaque doloremque, magni, voluptatibus dolorum atque soluta in ipsum eaque officia. Amet, voluptates!Lorem ipsum dolor sit amet consectetur adipisicing elit. Maxime iste rem sunt maiores autem consectetur vitae impedit itaque doloremque, magni, voluptatibus dolorum atque soluta in ipsum eaque officia. Amet, voluptates!", "date_written": "2020-07-31T16:12:39.932Z", "slug": "ajwefjaiwjfialsnkjsajiojweifijaowejiwae"}}, {"model": "backend.announcement", "pk": 3, "fields": {"title": "jiajoiwjefajioajsiakzknidifjadf", "content": "jioLorem ipsum dolor sit amet consectetur adipisicing elit. Maxime iste rem sunt maiores autem consectetur vitae impedit itaque doloremque, magni, voluptatibus dolorum atque soluta in ipsum eaque officia. Amet, voluptates!Lorem ipsum dolor sit amet consectetur adipisicing elit. Maxime iste rem sunt maiores autem consectetur vitae impedit itaque doloremque, magni, voluptatibus dolorum atque soluta in ipsum eaque officia. Amet, voluptates!Lorem ipsum dolor sit amet consectetur adipisicing elit. Maxime iste rem sunt maiores autem consectetur vitae impedit itaque doloremque, magni, voluptatibus dolorum atque soluta in ipsum eaque officia. Amet, voluptates!Lorem ipsum dolor sit amet consectetur adipisicing elit. Maxime iste rem sunt maiores autem consectetur vitae impedit itaque doloremque, magni, voluptatibus dolorum atque soluta in ipsum eaque officia. Amet, voluptates!Lorem ipsum dolor sit amet consectetur adipisicing elit. Maxime iste rem sunt maiores autem consectetur vitae impedit itaque doloremque, magni, voluptatibus dolorum atque soluta in ipsum eaque officia. Amet, voluptates!Lorem ipsum dolor sit amet consectetur adipisicing elit. Maxime iste rem sunt maiores autem consectetur vitae impedit itaque doloremque, magni, voluptatibus dolorum atque soluta in ipsum eaque officia. Amet, voluptates!Lorem ipsum dolor sit amet consectetur adipisicing elit. Maxime iste rem sunt maiores autem consectetur vitae impedit itaque doloremque, magni, voluptatibus dolorum atque soluta in ipsum eaque officia. Amet, voluptates!Lorem ipsum dolor sit amet consectetur adipisicing elit. Maxime iste rem sunt maiores autem consectetur vitae impedit itaque doloremque, magni, voluptatibus dolorum atque soluta in ipsum eaque officia. Amet, voluptates!Lorem ipsum dolor sit amet consectetur adipisicing elit. Maxime iste rem sunt maiores autem consectetur vitae impedit itaque doloremque, magni, voluptatibus dolorum atque soluta in ipsum eaque officia. Amet, voluptates!Lorem ipsum dolor sit amet consectetur adipisicing elit. Maxime iste rem sunt maiores autem consectetur vitae impedit itaque doloremque, magni, voluptatibus dolorum atque soluta in ipsum eaque officia. Amet, voluptates!Lorem ipsum dolor sit amet consectetur adipisicing elit. Maxime iste rem sunt maiores autem consectetur vitae impedit itaque doloremque, magni, voluptatibus dolorum atque soluta in ipsum eaque officia. Amet, voluptates!Lorem ipsum dolor sit amet consectetur adipisicing elit. Maxime iste rem sunt maiores autem consectetur vitae impedit itaque doloremque, magni, voluptatibus dolorum atque soluta in ipsum eaque officia. Amet, voluptates!", "date_written": "2020-07-31T16:12:50.205Z", "slug": "jiajoiwjefajioajsiakzknidifjadf"}}, {"model": "backend.announcement", "pk": 4, "fields": {"title": "jajoiwjifaejsakdllllllllllllllwamosmoijoajpoijzksdnamwkfm", "content": "Lorem ipsum dolor sit amet consectetur adipisicing elit. Maxime iste rem sunt maiores autem consectetur vitae impedit itaque doloremque, magni, voluptatibus dolorum atque soluta in ipsum eaque officia. Amet, voluptates!Lorem ipsum dolor sit amet consectetur adipisicing elit. Maxime iste rem sunt maiores autem consectetur vitae impedit itaque doloremque, magni, voluptatibus dolorum atque soluta in ipsum eaque officia. Amet, voluptates!Lorem ipsum dolor sit amet consectetur adipisicing elit. Maxime iste rem sunt maiores autem consectetur vitae impedit itaque doloremque, magni, voluptatibus dolorum atque soluta in ipsum eaque officia. Amet, voluptates!Lorem ipsum dolor sit amet consectetur adipisicing elit. Maxime iste rem sunt maiores autem consectetur vitae impedit itaque doloremque, magni, voluptatibus dolorum atque soluta in ipsum eaque officia. Amet, voluptates!Lorem ipsum dolor sit amet consectetur adipisicing elit. Maxime iste rem sunt maiores autem consectetur vitae impedit itaque doloremque, magni, voluptatibus dolorum atque soluta in ipsum eaque officia. Amet, voluptates!Lorem ipsum dolor sit amet consectetur adipisicing elit. Maxime iste rem sunt maiores autem consectetur vitae impedit itaque doloremque, magni, voluptatibus dolorum atque soluta in ipsum eaque officia. Amet, voluptates!Lorem ipsum dolor sit amet consectetur adipisicing elit. Maxime iste rem sunt maiores autem consectetur vitae impedit itaque doloremque, magni, voluptatibus dolorum atque soluta in ipsum eaque officia. Amet, voluptates!Lorem ipsum dolor sit amet consectetur adipisicing elit. Maxime iste rem sunt maiores autem consectetur vitae impedit itaque doloremque, magni, voluptatibus dolorum atque soluta in ipsum eaque officia. Amet, voluptates!Lorem ipsum dolor sit amet consectetur adipisicing elit. Maxime iste rem sunt maiores autem consectetur vitae impedit itaque doloremque, magni, voluptatibus dolorum atque soluta in ipsum eaque officia. Amet, voluptates!Lorem ipsum dolor sit amet consectetur adipisicing elit. Maxime iste rem sunt maiores autem consectetur vitae impedit itaque doloremque, magni, voluptatibus dolorum atque soluta in ipsum eaque officia. Amet, voluptates!Lorem ipsum dolor sit amet consectetur adipisicing elit. Maxime iste rem sunt maiores autem consectetur vitae impedit itaque doloremque, magni, voluptatibus dolorum atque soluta in ipsum eaque officia. Amet, voluptates!Lorem ipsum dolor sit amet consectetur adipisicing elit. Maxime iste rem sunt maiores autem consectetur vitae impedit itaque doloremque, magni, voluptatibus dolorum atque soluta in ipsum eaque officia. Amet, voluptates!Lorem ipsum dolor sit amet consectetur adipisicing elit. Maxime iste rem sunt maiores autem consectetur vitae impedit itaque doloremque, magni, voluptatibus dolorum atque soluta in ipsum eaque officia. Amet, voluptates!Lorem ipsum dolor sit amet consectetur adipisicing elit. Maxime iste rem sunt maiores autem consectetur vitae impedit itaque doloremque, magni, voluptatibus dolorum atque soluta in ipsum eaque officia. Amet, voluptates!Lorem ipsum dolor sit amet consectetur adipisicing elit. Maxime iste rem sunt maiores autem consectetur vitae impedit itaque doloremque, magni, voluptatibus dolorum atque soluta in ipsum eaque officia. Amet, voluptates!Lorem ipsum dolor sit amet consectetur adipisicing elit. Maxime iste rem sunt maiores autem consectetur vitae impedit itaque doloremque, magni, voluptatibus dolorum atque soluta in ipsum eaque officia. Amet, voluptates!Lorem ipsum dolor sit amet consectetur adipisicing elit. Maxime iste rem sunt maiores autem consectetur vitae impedit itaque doloremque, magni, voluptatibus dolorum atque soluta in ipsum eaque officia. Amet, voluptates!Lorem ipsum dolor sit amet consectetur adipisicing elit. Maxime iste rem sunt maiores autem consectetur vitae impedit itaque doloremque, magni, voluptatibus dolorum atque soluta in ipsum eaque officia. Amet, voluptates!Lorem ipsum dolor sit amet consectetur adipisicing elit. Maxime iste rem sunt maiores autem consectetur vitae impedit itaque doloremque, magni, voluptatibus dolorum atque soluta in ipsum eaque officia. Amet, voluptates!Lorem ipsum dolor sit amet consectetur adipisicing elit. Maxime iste rem sunt maiores autem consectetur vitae impedit itaque doloremque, magni, voluptatibus dolorum atque soluta in ipsum eaque officia. Amet, voluptates!Lorem ipsum dolor sit amet consectetur adipisicing elit. Maxime iste rem sunt maiores autem consectetur vitae impedit itaque doloremque, magni, voluptatibus dolorum atque soluta in ipsum eaque officia. Amet, voluptates!Lorem ipsum dolor sit amet consectetur adipisicing elit. Maxime iste rem sunt maiores autem consectetur vitae impedit itaque doloremque, magni, voluptatibus dolorum atque soluta in ipsum eaque officia. Amet, voluptates!Lorem ipsum dolor sit amet consectetur adipisicing elit. Maxime iste rem sunt maiores autem consectetur vitae impedit itaque doloremque, magni, voluptatibus dolorum atque soluta in ipsum eaque officia. Amet, voluptates!Lorem ipsum dolor sit amet consectetur adipisicing elit. Maxime iste rem sunt maiores autem consectetur vitae impedit itaque doloremque, magni, voluptatibus dolorum atque soluta in ipsum eaque officia. Amet, voluptates!", "date_written": "2020-07-31T16:13:01.592Z", "slug": "jajoiwjifaejsakdllllllllllllllwamosmoijoajpoijzksdnamwkfm"}}, {"model": "backend.announcement", "pk": 5, "fields": {"title": "Test of html", "content": "<p><h1>Look at me</h1></p>", "date_written": "2020-07-31T16:13:11.856Z", "slug": "test-of-html"}}, {"model": "backend.announcement", "pk": 6, "fields": {"title": "hehe, I love Elitemanga", "content": "hehe, I love EliteMangahehe, I love EliteMangahehe, I love EliteMangahehe, I love EliteMangahehe, I love EliteMangahehe, I love EliteMangahehe, I love EliteMangahehe, I love EliteMangahehe, I love EliteMangahehe, I love EliteMangahehe, I love EliteMangahehe, I love EliteMangahehe, I love EliteMangahehe, I love EliteMangahehe, I love EliteMangahehe, I love EliteMangahehe, I love EliteMangahehe, I love EliteMangahehe, I love EliteMangahehe, I love EliteMangahehe, I love EliteMangahehe, I love EliteMangahehe, I love EliteMangahehe, I love EliteMangahehe, I love EliteMangahehe, I love EliteMangahehe, I love EliteMangahehe, I love EliteMangahehe, I love EliteMangahehe, I love EliteMangahehe, I love EliteMangahehe, I love EliteMangahehe, I love EliteMangahehe, I love EliteMangahehe, I love EliteMangahehe, I love EliteMangahehe, I love EliteMangahehe, I love EliteMangahehe, I love EliteMangahehe, I love EliteMangahehe, I love EliteMangahehe, I love EliteMangahehe, I love EliteMangahehe, I love EliteMangahehe, I love EliteMangahehe, I love EliteMangahehe, I love EliteMangahehe, I love EliteMangahehe, I love EliteMangahehe, I love EliteMangahehe, I love EliteMangahehe, I love EliteMangahehe, I love EliteMangahehe, I love EliteMangahehe, I love EliteMangahehe, I love EliteMangahehe, I love EliteMangahehe, I love EliteMangahehe, I love EliteMangahehe, I love EliteMangahehe, I love EliteMangahehe, I love EliteMangahehe, I love EliteMangahehe, I love EliteMangahehe, I love EliteMangahehe, I love EliteMangahehe, I love EliteMangahehe, I love EliteMangahehe, I love EliteMangahehe, I love EliteMangahehe, I love EliteMangahehe, I love EliteMangahehe, I love EliteMangahehe, I love EliteMangahehe, I love EliteMangahehe, I love EliteMangahehe, I love EliteMangahehe, I love EliteMangahehe, I love EliteMangahehe, I love EliteMangahehe, I love EliteMangahehe, I love EliteMangahehe, I love EliteMangahehe, I love EliteMangahehe, I love EliteMangahehe, I love EliteMangahehe, I love EliteMangahehe, I love EliteMangahehe, I love EliteMangahehe, I love EliteMangahehe, I love EliteMangahehe, I love EliteMangahehe, I love EliteMangahehe, I love EliteMangahehe, I love EliteMangahehe, I love EliteMangahehe, I love EliteMangahehe, I love EliteMangahehe, I love EliteMangahehe, I love EliteMangahehe, I love EliteMangahehe, I love EliteMangahehe, I love EliteMangahehe, I love EliteMangahehe, I love EliteMangahehe, I love EliteMangahehe, I love EliteMangahehe, I love EliteMangahehe, I love EliteMangahehe, I love EliteMangahehe, I love EliteMangahehe, I love EliteMangahehe, I love EliteMangahehe, I love EliteMangahehe, I love EliteMangahehe, I love EliteMangahehe, I love EliteMangahehe, I love EliteMangahehe, I love EliteMangahehe, I love EliteMangahehe, I love EliteMangahehe, I love EliteMangahehe, I love EliteMangahehe, I love EliteMangahehe, I love EliteMangahehe, I love EliteMangahehe, I love EliteMangahehe, I love EliteMangahehe, I love EliteMangahehe, I love EliteMangahehe, I love EliteMangahehe, I love EliteMangahehe, I love EliteMangahehe, I love EliteMangahehe, I love EliteMangahehe, I love EliteMangahehe, I love EliteMangahehe, I love EliteMangahehe, I love EliteMangahehe, I love EliteMangahehe, I love EliteMangahehe, I love EliteMangahehe, I love EliteMangahehe, I love EliteMangahehe, I love EliteMangahehe, I love EliteMangahehe, I love EliteMangahehe, I love EliteMangahehe, I love EliteMangahehe, I love EliteMangahehe, I love EliteMangahehe, I love EliteMangahehe, I love EliteMangahehe, I love EliteMangahehe, I love EliteMangahehe, I love EliteMangahehe, I love EliteMangahehe, I love EliteMangahehe, I love EliteMangahehe, I love EliteMangahehe, I love EliteManga", "date_written": "2020-07-31T16:13:30.743Z", "slug": "hehe-i-love-elitemanga"}}, {"model": "backend.announcement", "pk": 7, "fields": {"title": "the first new", "content": "this is the first new", "date_written": "2020-08-08T15:04:18.337Z", "slug": "the-first-new"}}, {"model": "backend.announcement", "pk": 40, "fields": {"title": "shakara is the way", "content": "Don't don shakara for me", "date_written": "2020-08-08T19:59:44.524Z", "slug": "shakara-way"}}, {"model": "backend.campaign", "pk": 1, "fields": {"title": "PS5 Giveaway", "is_active": true}}, {"model": "backend.referral", "pk": 7, "fields": {"campaign": 1, "owner": 2, "referrals": [20]}}, {"model": "backend.referral", "pk": 8, "fields": {"campaign": 1, "owner": 20, "referrals": [2]}}, {"model": "taggit.tag", "pk": 1, "fields": {"name": "Action", "slug": "action"}}, {"model": "taggit.tag", "pk": 2, "fields": {"name": "Adventure", "slug": "adventure"}}, {"model": "taggit.tag", "pk": 3, "fields": {"name": "Comedy", "slug": "comedy"}}, {"model": "taggit.tag", "pk": 4, "fields": {"name": "Drama", "slug": "drama"}}, {"model": "taggit.tag", "pk": 5, "fields": {"name": "Fantasy", "slug": "fantasy"}}, {"model": "taggit.tag", "pk": 6, "fields": {"name": "Shounen", "slug": "shounen"}}, {"model": "taggit.tag", "pk": 7, "fields": {"name": "Adult", "slug": "adult"}}, {"model": "taggit.tag", "pk": 8, "fields": {"name": "Doujinshi", "slug": "doujinshi"}}, {"model": "taggit.tag", "pk": 9, "fields": {"name": "Horror", "slug": "horror"}}, {"model": "taggit.tag", "pk": 10, "fields": {"name": "Mature", "slug": "mature"}}, {"model": "taggit.tag", "pk": 11, "fields": {"name": "Mystery", "slug": "mystery"}}, {"model": "taggit.tag", "pk": 12, "fields": {"name": "Psychological", "slug": "psychological"}}, {"model": "taggit.tag", "pk": 13, "fields": {"name": "Tragedy", "slug": "tragedy"}}, {"model": "taggit.tag", "pk": 14, "fields": {"name": "Historical", "slug": "historical"}}, {"model": "taggit.tag", "pk": 15, "fields": {"name": "School life", "slug": "school-life"}}, {"model": "taggit.tag", "pk": 16, "fields": {"name": "Sci fi", "slug": "sci-fi"}}, {"model": "taggit.tag", "pk": 17, "fields": {"name": "Martial arts", "slug": "martial-arts"}}, {"model": "taggit.tag", "pk": 18, "fields": {"name": "Webtoons", "slug": "webtoons"}}, {"model": "taggit.tag", "pk": 19, "fields": {"name": "Supernatural", "slug": "supernatural"}}, {"model": "taggit.tag", "pk": 20, "fields": {"name": "Manhwa", "slug": "manhwa"}}, {"model": "taggit.tag", "pk": 21, "fields": {"name": "Seinen", "slug": "seinen"}}, {"model": "taggit.tag", "pk": 22, "fields": {"name": "Romance", "slug": "romance"}}, {"model": "taggit.tag", "pk": 23, "fields": {"name": "Ecchi", "slug": "ecchi"}}, {"model": "taggit.tag", "pk": 24, "fields": {"name": "Super Power", "slug": "super-power"}}, {"model": "taggit.tag", "pk": 25, "fields": {"name": "Thriller", "slug": "thriller"}}, {"model": "taggit.tag", "pk": 26, "fields": {"name": "Demons", "slug": "demons"}}, {"model": "taggit.tag", "pk": 27, "fields": {"name": "Slice of Life", "slug": "slice-of-life"}}, {"model": "taggit.tag", "pk": 28, "fields": {"name": "School", "slug": "school"}}, {"model": "taggit.tag", "pk": 30, "fields": {"name": "Sci-Fi", "slug": "sci-fi_1"}}, {"model": "taggit.tag", "pk": 31, "fields": {"name": "Mecha", "slug": "mecha"}}, {"model": "taggit.taggeditem", "pk": 146, "fields": {"tag": 1, "content_type": 18, "object_id": 22}}, {"model": "taggit.taggeditem", "pk": 147, "fields": {"tag": 2, "content_type": 18, "object_id": 22}}, {"model": "taggit.taggeditem", "pk": 148, "fields": {"tag": 3, "content_type": 18, "object_id": 22}}, {"model": "taggit.taggeditem", "pk": 149, "fields": {"tag": 24, "content_type": 18, "object_id": 22}}, {"model": "taggit.taggeditem", "pk": 150, "fields": {"tag": 4, "content_type": 18, "object_id": 22}}, {"model": "taggit.taggeditem", "pk": 151, "fields": {"tag": 5, "content_type": 18, "object_id": 22}}, {"model": "taggit.taggeditem", "pk": 152, "fields": {"tag": 6, "content_type": 18, "object_id": 22}}, {"model": "taggit.taggeditem", "pk": 292, "fields": {"tag": 1, "content_type": 18, "object_id": 41}}, {"model": "taggit.taggeditem", "pk": 293, "fields": {"tag": 2, "content_type": 18, "object_id": 41}}, {"model": "taggit.taggeditem", "pk": 294, "fields": {"tag": 3, "content_type": 18, "object_id": 41}}, {"model": "taggit.taggeditem", "pk": 295, "fields": {"tag": 4, "content_type": 18, "object_id": 41}}, {"model": "taggit.taggeditem", "pk": 296, "fields": {"tag": 5, "content_type": 18, "object_id": 41}}, {"model": "taggit.taggeditem", "pk": 297, "fields": {"tag": 6, "content_type": 18, "object_id": 41}}, {"model": "taggit.taggeditem", "pk": 298, "fields": {"tag": 1, "content_type": 18, "object_id": 42}}, {"model": "taggit.taggeditem", "pk": 299, "fields": {"tag": 7, "content_type": 18, "object_id": 42}}, {"model": "taggit.taggeditem", "pk": 300, "fields": {"tag": 2, "content_type": 18, "object_id": 42}}, {"model": "taggit.taggeditem", "pk": 301, "fields": {"tag": 3, "content_type": 18, "object_id": 42}}, {"model": "taggit.taggeditem", "pk": 302, "fields": {"tag": 8, "content_type": 18, "object_id": 42}}, {"model": "taggit.taggeditem", "pk": 303, "fields": {"tag": 4, "content_type": 18, "object_id": 42}}, {"model": "taggit.taggeditem", "pk": 304, "fields": {"tag": 5, "content_type": 18, "object_id": 42}}, {"model": "taggit.taggeditem", "pk": 305, "fields": {"tag": 9, "content_type": 18, "object_id": 42}}, {"model": "taggit.taggeditem", "pk": 306, "fields": {"tag": 10, "content_type": 18, "object_id": 42}}, {"model": "taggit.taggeditem", "pk": 307, "fields": {"tag": 11, "content_type": 18, "object_id": 42}}, {"model": "taggit.taggeditem", "pk": 308, "fields": {"tag": 12, "content_type": 18, "object_id": 42}}, {"model": "taggit.taggeditem", "pk": 309, "fields": {"tag": 6, "content_type": 18, "object_id": 42}}, {"model": "taggit.taggeditem", "pk": 310, "fields": {"tag": 13, "content_type": 18, "object_id": 42}}, {"model": "taggit.taggeditem", "pk": 311, "fields": {"tag": 2, "content_type": 18, "object_id": 43}}, {"model": "taggit.taggeditem", "pk": 312, "fields": {"tag": 5, "content_type": 18, "object_id": 43}}, {"model": "taggit.taggeditem", "pk": 313, "fields": {"tag": 14, "content_type": 18, "object_id": 43}}, {"model": "taggit.taggeditem", "pk": 314, "fields": {"tag": 6, "content_type": 18, "object_id": 43}}, {"model": "taggit.taggeditem", "pk": 315, "fields": {"tag": 1, "content_type": 18, "object_id": 44}}, {"model": "taggit.taggeditem", "pk": 316, "fields": {"tag": 3, "content_type": 18, "object_id": 44}}, {"model": "taggit.taggeditem", "pk": 317, "fields": {"tag": 5, "content_type": 18, "object_id": 44}}, {"model": "taggit.taggeditem", "pk": 318, "fields": {"tag": 15, "content_type": 18, "object_id": 44}}, {"model": "taggit.taggeditem", "pk": 319, "fields": {"tag": 16, "content_type": 18, "object_id": 44}}, {"model": "taggit.taggeditem", "pk": 320, "fields": {"tag": 6, "content_type": 18, "object_id": 44}}, {"model": "taggit.taggeditem", "pk": 321, "fields": {"tag": 1, "content_type": 18, "object_id": 45}}, {"model": "taggit.taggeditem", "pk": 322, "fields": {"tag": 7, "content_type": 18, "object_id": 45}}, {"model": "taggit.taggeditem", "pk": 323, "fields": {"tag": 2, "content_type": 18, "object_id": 45}}, {"model": "taggit.taggeditem", "pk": 324, "fields": {"tag": 3, "content_type": 18, "object_id": 45}}, {"model": "taggit.taggeditem", "pk": 325, "fields": {"tag": 8, "content_type": 18, "object_id": 45}}, {"model": "taggit.taggeditem", "pk": 326, "fields": {"tag": 4, "content_type": 18, "object_id": 45}}, {"model": "taggit.taggeditem", "pk": 327, "fields": {"tag": 5, "content_type": 18, "object_id": 45}}, {"model": "taggit.taggeditem", "pk": 328, "fields": {"tag": 17, "content_type": 18, "object_id": 45}}, {"model": "taggit.taggeditem", "pk": 329, "fields": {"tag": 6, "content_type": 18, "object_id": 45}}, {"model": "taggit.taggeditem", "pk": 330, "fields": {"tag": 1, "content_type": 18, "object_id": 46}}, {"model": "taggit.taggeditem", "pk": 331, "fields": {"tag": 2, "content_type": 18, "object_id": 46}}, {"model": "taggit.taggeditem", "pk": 332, "fields": {"tag": 5, "content_type": 18, "object_id": 46}}, {"model": "taggit.taggeditem", "pk": 333, "fields": {"tag": 6, "content_type": 18, "object_id": 46}}, {"model": "taggit.taggeditem", "pk": 334, "fields": {"tag": 18, "content_type": 18, "object_id": 46}}, {"model": "taggit.taggeditem", "pk": 335, "fields": {"tag": 1, "content_type": 18, "object_id": 47}}, {"model": "taggit.taggeditem", "pk": 336, "fields": {"tag": 2, "content_type": 18, "object_id": 47}}, {"model": "taggit.taggeditem", "pk": 337, "fields": {"tag": 3, "content_type": 18, "object_id": 47}}, {"model": "taggit.taggeditem", "pk": 338, "fields": {"tag": 4, "content_type": 18, "object_id": 47}}, {"model": "taggit.taggeditem", "pk": 339, "fields": {"tag": 5, "content_type": 18, "object_id": 47}}, {"model": "taggit.taggeditem", "pk": 340, "fields": {"tag": 11, "content_type": 18, "object_id": 47}}, {"model": "taggit.taggeditem", "pk": 341, "fields": {"tag": 12, "content_type": 18, "object_id": 47}}, {"model": "taggit.taggeditem", "pk": 342, "fields": {"tag": 6, "content_type": 18, "object_id": 47}}, {"model": "taggit.taggeditem", "pk": 343, "fields": {"tag": 19, "content_type": 18, "object_id": 47}}, {"model": "taggit.taggeditem", "pk": 344, "fields": {"tag": 18, "content_type": 18, "object_id": 47}}, {"model": "taggit.taggeditem", "pk": 345, "fields": {"tag": 20, "content_type": 18, "object_id": 47}}, {"model": "taggit.taggeditem", "pk": 346, "fields": {"tag": 1, "content_type": 18, "object_id": 48}}, {"model": "taggit.taggeditem", "pk": 347, "fields": {"tag": 7, "content_type": 18, "object_id": 48}}, {"model": "taggit.taggeditem", "pk": 348, "fields": {"tag": 2, "content_type": 18, "object_id": 48}}, {"model": "taggit.taggeditem", "pk": 349, "fields": {"tag": 3, "content_type": 18, "object_id": 48}}, {"model": "taggit.taggeditem", "pk": 350, "fields": {"tag": 8, "content_type": 18, "object_id": 48}}, {"model": "taggit.taggeditem", "pk": 351, "fields": {"tag": 4, "content_type": 18, "object_id": 48}}, {"model": "taggit.taggeditem", "pk": 352, "fields": {"tag": 5, "content_type": 18, "object_id": 48}}, {"model": "taggit.taggeditem", "pk": 353, "fields": {"tag": 14, "content_type": 18, "object_id": 48}}, {"model": "taggit.taggeditem", "pk": 354, "fields": {"tag": 11, "content_type": 18, "object_id": 48}}, {"model": "taggit.taggeditem", "pk": 355, "fields": {"tag": 12, "content_type": 18, "object_id": 48}}, {"model": "taggit.taggeditem", "pk": 356, "fields": {"tag": 16, "content_type": 18, "object_id": 48}}, {"model": "taggit.taggeditem", "pk": 357, "fields": {"tag": 6, "content_type": 18, "object_id": 48}}, {"model": "taggit.taggeditem", "pk": 358, "fields": {"tag": 19, "content_type": 18, "object_id": 48}}, {"model": "taggit.taggeditem", "pk": 359, "fields": {"tag": 1, "content_type": 18, "object_id": 49}}, {"model": "taggit.taggeditem", "pk": 360, "fields": {"tag": 2, "content_type": 18, "object_id": 49}}, {"model": "taggit.taggeditem", "pk": 361, "fields": {"tag": 5, "content_type": 18, "object_id": 49}}, {"model": "taggit.taggeditem", "pk": 362, "fields": {"tag": 9, "content_type": 18, "object_id": 49}}, {"model": "taggit.taggeditem", "pk": 363, "fields": {"tag": 10, "content_type": 18, "object_id": 49}}, {"model": "taggit.taggeditem", "pk": 364, "fields": {"tag": 21, "content_type": 18, "object_id": 49}}, {"model": "taggit.taggeditem", "pk": 365, "fields": {"tag": 19, "content_type": 18, "object_id": 49}}, {"model": "taggit.taggeditem", "pk": 366, "fields": {"tag": 13, "content_type": 18, "object_id": 49}}, {"model": "taggit.taggeditem", "pk": 367, "fields": {"tag": 1, "content_type": 18, "object_id": 50}}, {"model": "taggit.taggeditem", "pk": 368, "fields": {"tag": 3, "content_type": 18, "object_id": 50}}, {"model": "taggit.taggeditem", "pk": 369, "fields": {"tag": 4, "content_type": 18, "object_id": 50}}, {"model": "taggit.taggeditem", "pk": 370, "fields": {"tag": 5, "content_type": 18, "object_id": 50}}, {"model": "taggit.taggeditem", "pk": 371, "fields": {"tag": 11, "content_type": 18, "object_id": 50}}, {"model": "taggit.taggeditem", "pk": 372, "fields": {"tag": 22, "content_type": 18, "object_id": 50}}, {"model": "taggit.taggeditem", "pk": 373, "fields": {"tag": 15, "content_type": 18, "object_id": 50}}, {"model": "taggit.taggeditem", "pk": 374, "fields": {"tag": 6, "content_type": 18, "object_id": 50}}, {"model": "taggit.taggeditem", "pk": 375, "fields": {"tag": 19, "content_type": 18, "object_id": 50}}, {"model": "taggit.taggeditem", "pk": 376, "fields": {"tag": 1, "content_type": 18, "object_id": 51}}, {"model": "taggit.taggeditem", "pk": 377, "fields": {"tag": 3, "content_type": 18, "object_id": 51}}, {"model": "taggit.taggeditem", "pk": 378, "fields": {"tag": 5, "content_type": 18, "object_id": 51}}, {"model": "taggit.taggeditem", "pk": 379, "fields": {"tag": 10, "content_type": 18, "object_id": 51}}, {"model": "taggit.taggeditem", "pk": 380, "fields": {"tag": 11, "content_type": 18, "object_id": 51}}, {"model": "taggit.taggeditem", "pk": 381, "fields": {"tag": 12, "content_type": 18, "object_id": 51}}, {"model": "taggit.taggeditem", "pk": 382, "fields": {"tag": 16, "content_type": 18, "object_id": 51}}, {"model": "taggit.taggeditem", "pk": 383, "fields": {"tag": 21, "content_type": 18, "object_id": 51}}, {"model": "taggit.taggeditem", "pk": 384, "fields": {"tag": 19, "content_type": 18, "object_id": 51}}, {"model": "taggit.taggeditem", "pk": 385, "fields": {"tag": 3, "content_type": 18, "object_id": 52}}, {"model": "taggit.taggeditem", "pk": 386, "fields": {"tag": 4, "content_type": 18, "object_id": 52}}, {"model": "taggit.taggeditem", "pk": 387, "fields": {"tag": 12, "content_type": 18, "object_id": 52}}, {"model": "taggit.taggeditem", "pk": 388, "fields": {"tag": 22, "content_type": 18, "object_id": 52}}, {"model": "taggit.taggeditem", "pk": 389, "fields": {"tag": 15, "content_type": 18, "object_id": 52}}, {"model": "taggit.taggeditem", "pk": 390, "fields": {"tag": 6, "content_type": 18, "object_id": 52}}, {"model": "taggit.taggeditem", "pk": 391, "fields": {"tag": 1, "content_type": 18, "object_id": 53}}, {"model": "taggit.taggeditem", "pk": 392, "fields": {"tag": 7, "content_type": 18, "object_id": 53}}, {"model": "taggit.taggeditem", "pk": 393, "fields": {"tag": 2, "content_type": 18, "object_id": 53}}, {"model": "taggit.taggeditem", "pk": 394, "fields": {"tag": 3, "content_type": 18, "object_id": 53}}, {"model": "taggit.taggeditem", "pk": 395, "fields": {"tag": 8, "content_type": 18, "object_id": 53}}, {"model": "taggit.taggeditem", "pk": 396, "fields": {"tag": 4, "content_type": 18, "object_id": 53}}, {"model": "taggit.taggeditem", "pk": 397, "fields": {"tag": 5, "content_type": 18, "object_id": 53}}, {"model": "taggit.taggeditem", "pk": 398, "fields": {"tag": 9, "content_type": 18, "object_id": 53}}, {"model": "taggit.taggeditem", "pk": 399, "fields": {"tag": 11, "content_type": 18, "object_id": 53}}, {"model": "taggit.taggeditem", "pk": 400, "fields": {"tag": 12, "content_type": 18, "object_id": 53}}, {"model": "taggit.taggeditem", "pk": 401, "fields": {"tag": 6, "content_type": 18, "object_id": 53}}, {"model": "taggit.taggeditem", "pk": 402, "fields": {"tag": 19, "content_type": 18, "object_id": 53}}, {"model": "taggit.taggeditem", "pk": 403, "fields": {"tag": 13, "content_type": 18, "object_id": 53}}, {"model": "taggit.taggeditem", "pk": 404, "fields": {"tag": 1, "content_type": 18, "object_id": 54}}, {"model": "taggit.taggeditem", "pk": 405, "fields": {"tag": 2, "content_type": 18, "object_id": 54}}, {"model": "taggit.taggeditem", "pk": 406, "fields": {"tag": 3, "content_type": 18, "object_id": 54}}, {"model": "taggit.taggeditem", "pk": 407, "fields": {"tag": 4, "content_type": 18, "object_id": 54}}, {"model": "taggit.taggeditem", "pk": 408, "fields": {"tag": 5, "content_type": 18, "object_id": 54}}, {"model": "taggit.taggeditem", "pk": 409, "fields": {"tag": 6, "content_type": 18, "object_id": 54}}, {"model": "taggit.taggeditem", "pk": 410, "fields": {"tag": 1, "content_type": 18, "object_id": 55}}, {"model": "taggit.taggeditem", "pk": 411, "fields": {"tag": 2, "content_type": 18, "object_id": 55}}, {"model": "taggit.taggeditem", "pk": 412, "fields": {"tag": 3, "content_type": 18, "object_id": 55}}, {"model": "taggit.taggeditem", "pk": 413, "fields": {"tag": 4, "content_type": 18, "object_id": 55}}, {"model": "taggit.taggeditem", "pk": 414, "fields": {"tag": 5, "content_type": 18, "object_id": 55}}, {"model": "taggit.taggeditem", "pk": 415, "fields": {"tag": 6, "content_type": 18, "object_id": 55}}, {"model": "taggit.taggeditem", "pk": 416, "fields": {"tag": 1, "content_type": 18, "object_id": 56}}, {"model": "taggit.taggeditem", "pk": 417, "fields": {"tag": 2, "content_type": 18, "object_id": 56}}, {"model": "taggit.taggeditem", "pk": 418, "fields": {"tag": 3, "content_type": 18, "object_id": 56}}, {"model": "taggit.taggeditem", "pk": 419, "fields": {"tag": 4, "content_type": 18, "object_id": 56}}, {"model": "taggit.taggeditem", "pk": 420, "fields": {"tag": 23, "content_type": 18, "object_id": 56}}, {"model": "taggit.taggeditem", "pk": 421, "fields": {"tag": 5, "content_type": 18, "object_id": 56}}, {"model": "taggit.taggeditem", "pk": 422, "fields": {"tag": 6, "content_type": 18, "object_id": 56}}, {"model": "taggit.taggeditem", "pk": 423, "fields": {"tag": 1, "content_type": 18, "object_id": 57}}, {"model": "taggit.taggeditem", "pk": 424, "fields": {"tag": 2, "content_type": 18, "object_id": 57}}, {"model": "taggit.taggeditem", "pk": 425, "fields": {"tag": 3, "content_type": 18, "object_id": 57}}, {"model": "taggit.taggeditem", "pk": 426, "fields": {"tag": 17, "content_type": 18, "object_id": 57}}, {"model": "taggit.taggeditem", "pk": 427, "fields": {"tag": 6, "content_type": 18, "object_id": 57}}, {"model": "taggit.taggeditem", "pk": 428, "fields": {"tag": 19, "content_type": 18, "object_id": 57}}, {"model": "taggit.taggeditem", "pk": 429, "fields": {"tag": 18, "content_type": 18, "object_id": 57}}, {"model": "taggit.taggeditem", "pk": 430, "fields": {"tag": 20, "content_type": 18, "object_id": 57}}, {"model": "taggit.taggeditem", "pk": 465, "fields": {"tag": 4, "content_type": 18, "object_id": 66}}, {"model": "taggit.taggeditem", "pk": 466, "fields": {"tag": 5, "content_type": 18, "object_id": 66}}, {"model": "taggit.taggeditem", "pk": 467, "fields": {"tag": 12, "content_type": 18, "object_id": 66}}, {"model": "taggit.taggeditem", "pk": 468, "fields": {"tag": 25, "content_type": 18, "object_id": 66}}, {"model": "taggit.taggeditem", "pk": 469, "fields": {"tag": 1, "content_type": 18, "object_id": 67}}, {"model": "taggit.taggeditem", "pk": 470, "fields": {"tag": 14, "content_type": 18, "object_id": 67}}, {"model": "taggit.taggeditem", "pk": 471, "fields": {"tag": 26, "content_type": 18, "object_id": 67}}, {"model": "taggit.taggeditem", "pk": 472, "fields": {"tag": 19, "content_type": 18, "object_id": 67}}, {"model": "taggit.taggeditem", "pk": 473, "fields": {"tag": 6, "content_type": 18, "object_id": 67}}, {"model": "taggit.taggeditem", "pk": 474, "fields": {"tag": 27, "content_type": 18, "object_id": 68}}, {"model": "taggit.taggeditem", "pk": 475, "fields": {"tag": 3, "content_type": 18, "object_id": 68}}, {"model": "taggit.taggeditem", "pk": 476, "fields": {"tag": 4, "content_type": 18, "object_id": 68}}, {"model": "taggit.taggeditem", "pk": 477, "fields": {"tag": 22, "content_type": 18, "object_id": 68}}, {"model": "taggit.taggeditem", "pk": 478, "fields": {"tag": 28, "content_type": 18, "object_id": 68}}, {"model": "taggit.taggeditem", "pk": 479, "fields": {"tag": 30, "content_type": 18, "object_id": 69}}, {"model": "taggit.taggeditem", "pk": 480, "fields": {"tag": 11, "content_type": 18, "object_id": 69}}, {"model": "taggit.taggeditem", "pk": 481, "fields": {"tag": 12, "content_type": 18, "object_id": 69}}, {"model": "taggit.taggeditem", "pk": 482, "fields": {"tag": 25, "content_type": 18, "object_id": 69}}, {"model": "taggit.taggeditem", "pk": 483, "fields": {"tag": 6, "content_type": 18, "object_id": 69}}, {"model": "taggit.taggeditem", "pk": 484, "fields": {"tag": 1, "content_type": 18, "object_id": 70}}, {"model": "taggit.taggeditem", "pk": 485, "fields": {"tag": 31, "content_type": 18, "object_id": 70}}, {"model": "taggit.taggeditem", "pk": 486, "fields": {"tag": 30, "content_type": 18, "object_id": 70}}, {"model": "auth.permission", "pk": 1, "fields": {"name": "Can add log entry", "content_type": 1, "codename": "add_logentry"}}, {"model": "auth.permission", "pk": 2, "fields": {"name": "Can change log entry", "content_type": 1, "codename": "change_logentry"}}, {"model": "auth.permission", "pk": 3, "fields": {"name": "Can delete log entry", "content_type": 1, "codename": "delete_logentry"}}, {"model": "auth.permission", "pk": 4, "fields": {"name": "Can view log entry", "content_type": 1, "codename": "view_logentry"}}, {"model": "auth.permission", "pk": 5, "fields": {"name": "Can add permission", "content_type": 2, "codename": "add_permission"}}, {"model": "auth.permission", "pk": 6, "fields": {"name": "Can change permission", "content_type": 2, "codename": "change_permission"}}, {"model": "auth.permission", "pk": 7, "fields": {"name": "Can delete permission", "content_type": 2, "codename": "delete_permission"}}, {"model": "auth.permission", "pk": 8, "fields": {"name": "Can view permission", "content_type": 2, "codename": "view_permission"}}, {"model": "auth.permission", "pk": 9, "fields": {"name": "Can add group", "content_type": 3, "codename": "add_group"}}, {"model": "auth.permission", "pk": 10, "fields": {"name": "Can change group", "content_type": 3, "codename": "change_group"}}, {"model": "auth.permission", "pk": 11, "fields": {"name": "Can delete group", "content_type": 3, "codename": "delete_group"}}, {"model": "auth.permission", "pk": 12, "fields": {"name": "Can view group", "content_type": 3, "codename": "view_group"}}, {"model": "auth.permission", "pk": 13, "fields": {"name": "Can add content type", "content_type": 4, "codename": "add_contenttype"}}, {"model": "auth.permission", "pk": 14, "fields": {"name": "Can change content type", "content_type": 4, "codename": "change_contenttype"}}, {"model": "auth.permission", "pk": 15, "fields": {"name": "Can delete content type", "content_type": 4, "codename": "delete_contenttype"}}, {"model": "auth.permission", "pk": 16, "fields": {"name": "Can view content type", "content_type": 4, "codename": "view_contenttype"}}, {"model": "auth.permission", "pk": 17, "fields": {"name": "Can add session", "content_type": 5, "codename": "add_session"}}, {"model": "auth.permission", "pk": 18, "fields": {"name": "Can change session", "content_type": 5, "codename": "change_session"}}, {"model": "auth.permission", "pk": 19, "fields": {"name": "Can delete session", "content_type": 5, "codename": "delete_session"}}, {"model": "auth.permission", "pk": 20, "fields": {"name": "Can view session", "content_type": 5, "codename": "view_session"}}, {"model": "auth.permission", "pk": 21, "fields": {"name": "Can add site", "content_type": 6, "codename": "add_site"}}, {"model": "auth.permission", "pk": 22, "fields": {"name": "Can change site", "content_type": 6, "codename": "change_site"}}, {"model": "auth.permission", "pk": 23, "fields": {"name": "Can delete site", "content_type": 6, "codename": "delete_site"}}, {"model": "auth.permission", "pk": 24, "fields": {"name": "Can view site", "content_type": 6, "codename": "view_site"}}, {"model": "auth.permission", "pk": 25, "fields": {"name": "Can add email address", "content_type": 7, "codename": "add_emailaddress"}}, {"model": "auth.permission", "pk": 26, "fields": {"name": "Can change email address", "content_type": 7, "codename": "change_emailaddress"}}, {"model": "auth.permission", "pk": 27, "fields": {"name": "Can delete email address", "content_type": 7, "codename": "delete_emailaddress"}}, {"model": "auth.permission", "pk": 28, "fields": {"name": "Can view email address", "content_type": 7, "codename": "view_emailaddress"}}, {"model": "auth.permission", "pk": 29, "fields": {"name": "Can add email confirmation", "content_type": 8, "codename": "add_emailconfirmation"}}, {"model": "auth.permission", "pk": 30, "fields": {"name": "Can change email confirmation", "content_type": 8, "codename": "change_emailconfirmation"}}, {"model": "auth.permission", "pk": 31, "fields": {"name": "Can delete email confirmation", "content_type": 8, "codename": "delete_emailconfirmation"}}, {"model": "auth.permission", "pk": 32, "fields": {"name": "Can view email confirmation", "content_type": 8, "codename": "view_emailconfirmation"}}, {"model": "auth.permission", "pk": 33, "fields": {"name": "Can add social account", "content_type": 9, "codename": "add_socialaccount"}}, {"model": "auth.permission", "pk": 34, "fields": {"name": "Can change social account", "content_type": 9, "codename": "change_socialaccount"}}, {"model": "auth.permission", "pk": 35, "fields": {"name": "Can delete social account", "content_type": 9, "codename": "delete_socialaccount"}}, {"model": "auth.permission", "pk": 36, "fields": {"name": "Can view social account", "content_type": 9, "codename": "view_socialaccount"}}, {"model": "auth.permission", "pk": 37, "fields": {"name": "Can add social application", "content_type": 10, "codename": "add_socialapp"}}, {"model": "auth.permission", "pk": 38, "fields": {"name": "Can change social application", "content_type": 10, "codename": "change_socialapp"}}, {"model": "auth.permission", "pk": 39, "fields": {"name": "Can delete social application", "content_type": 10, "codename": "delete_socialapp"}}, {"model": "auth.permission", "pk": 40, "fields": {"name": "Can view social application", "content_type": 10, "codename": "view_socialapp"}}, {"model": "auth.permission", "pk": 41, "fields": {"name": "Can add social application token", "content_type": 11, "codename": "add_socialtoken"}}, {"model": "auth.permission", "pk": 42, "fields": {"name": "Can change social application token", "content_type": 11, "codename": "change_socialtoken"}}, {"model": "auth.permission", "pk": 43, "fields": {"name": "Can delete social application token", "content_type": 11, "codename": "delete_socialtoken"}}, {"model": "auth.permission", "pk": 44, "fields": {"name": "Can view social application token", "content_type": 11, "codename": "view_socialtoken"}}, {"model": "auth.permission", "pk": 45, "fields": {"name": "Can add Token", "content_type": 12, "codename": "add_token"}}, {"model": "auth.permission", "pk": 46, "fields": {"name": "Can change Token", "content_type": 12, "codename": "change_token"}}, {"model": "auth.permission", "pk": 47, "fields": {"name": "Can delete Token", "content_type": 12, "codename": "delete_token"}}, {"model": "auth.permission", "pk": 48, "fields": {"name": "Can view Token", "content_type": 12, "codename": "view_token"}}, {"model": "auth.permission", "pk": 49, "fields": {"name": "Can add APNS device", "content_type": 13, "codename": "add_apnsdevice"}}, {"model": "auth.permission", "pk": 50, "fields": {"name": "Can change APNS device", "content_type": 13, "codename": "change_apnsdevice"}}, {"model": "auth.permission", "pk": 51, "fields": {"name": "Can delete APNS device", "content_type": 13, "codename": "delete_apnsdevice"}}, {"model": "auth.permission", "pk": 52, "fields": {"name": "Can view APNS device", "content_type": 13, "codename": "view_apnsdevice"}}, {"model": "auth.permission", "pk": 53, "fields": {"name": "Can add GCM device", "content_type": 14, "codename": "add_gcmdevice"}}, {"model": "auth.permission", "pk": 54, "fields": {"name": "Can change GCM device", "content_type": 14, "codename": "change_gcmdevice"}}, {"model": "auth.permission", "pk": 55, "fields": {"name": "Can delete GCM device", "content_type": 14, "codename": "delete_gcmdevice"}}, {"model": "auth.permission", "pk": 56, "fields": {"name": "Can view GCM device", "content_type": 14, "codename": "view_gcmdevice"}}, {"model": "auth.permission", "pk": 57, "fields": {"name": "Can add WNS device", "content_type": 15, "codename": "add_wnsdevice"}}, {"model": "auth.permission", "pk": 58, "fields": {"name": "Can change WNS device", "content_type": 15, "codename": "change_wnsdevice"}}, {"model": "auth.permission", "pk": 59, "fields": {"name": "Can delete WNS device", "content_type": 15, "codename": "delete_wnsdevice"}}, {"model": "auth.permission", "pk": 60, "fields": {"name": "Can view WNS device", "content_type": 15, "codename": "view_wnsdevice"}}, {"model": "auth.permission", "pk": 61, "fields": {"name": "Can add WebPush device", "content_type": 16, "codename": "add_webpushdevice"}}, {"model": "auth.permission", "pk": 62, "fields": {"name": "Can change WebPush device", "content_type": 16, "codename": "change_webpushdevice"}}, {"model": "auth.permission", "pk": 63, "fields": {"name": "Can delete WebPush device", "content_type": 16, "codename": "delete_webpushdevice"}}, {"model": "auth.permission", "pk": 64, "fields": {"name": "Can view WebPush device", "content_type": 16, "codename": "view_webpushdevice"}}, {"model": "auth.permission", "pk": 65, "fields": {"name": "Can add comment", "content_type": 17, "codename": "add_comment"}}, {"model": "auth.permission", "pk": 66, "fields": {"name": "Can change comment", "content_type": 17, "codename": "change_comment"}}, {"model": "auth.permission", "pk": 67, "fields": {"name": "Can delete comment", "content_type": 17, "codename": "delete_comment"}}, {"model": "auth.permission", "pk": 68, "fields": {"name": "Can view comment", "content_type": 17, "codename": "view_comment"}}, {"model": "auth.permission", "pk": 69, "fields": {"name": "Can add media", "content_type": 18, "codename": "add_media"}}, {"model": "auth.permission", "pk": 70, "fields": {"name": "Can change media", "content_type": 18, "codename": "change_media"}}, {"model": "auth.permission", "pk": 71, "fields": {"name": "Can delete media", "content_type": 18, "codename": "delete_media"}}, {"model": "auth.permission", "pk": 72, "fields": {"name": "Can view media", "content_type": 18, "codename": "view_media"}}, {"model": "auth.permission", "pk": 73, "fields": {"name": "Can add publisher", "content_type": 19, "codename": "add_publisher"}}, {"model": "auth.permission", "pk": 74, "fields": {"name": "Can change publisher", "content_type": 19, "codename": "change_publisher"}}, {"model": "auth.permission", "pk": 75, "fields": {"name": "Can delete publisher", "content_type": 19, "codename": "delete_publisher"}}, {"model": "auth.permission", "pk": 76, "fields": {"name": "Can view publisher", "content_type": 19, "codename": "view_publisher"}}, {"model": "auth.permission", "pk": 77, "fields": {"name": "Can add review", "content_type": 20, "codename": "add_review"}}, {"model": "auth.permission", "pk": 78, "fields": {"name": "Can change review", "content_type": 20, "codename": "change_review"}}, {"model": "auth.permission", "pk": 79, "fields": {"name": "Can delete review", "content_type": 20, "codename": "delete_review"}}, {"model": "auth.permission", "pk": 80, "fields": {"name": "Can view review", "content_type": 20, "codename": "view_review"}}, {"model": "auth.permission", "pk": 81, "fields": {"name": "Can add review vote", "content_type": 21, "codename": "add_reviewvote"}}, {"model": "auth.permission", "pk": 82, "fields": {"name": "Can change review vote", "content_type": 21, "codename": "change_reviewvote"}}, {"model": "auth.permission", "pk": 83, "fields": {"name": "Can delete review vote", "content_type": 21, "codename": "delete_reviewvote"}}, {"model": "auth.permission", "pk": 84, "fields": {"name": "Can view review vote", "content_type": 21, "codename": "view_reviewvote"}}, {"model": "auth.permission", "pk": 85, "fields": {"name": "Can add user", "content_type": 22, "codename": "add_user"}}, {"model": "auth.permission", "pk": 86, "fields": {"name": "Can change user", "content_type": 22, "codename": "change_user"}}, {"model": "auth.permission", "pk": 87, "fields": {"name": "Can delete user", "content_type": 22, "codename": "delete_user"}}, {"model": "auth.permission", "pk": 88, "fields": {"name": "Can view user", "content_type": 22, "codename": "view_user"}}, {"model": "auth.permission", "pk": 89, "fields": {"name": "Can add profile", "content_type": 23, "codename": "add_profile"}}, {"model": "auth.permission", "pk": 90, "fields": {"name": "Can change profile", "content_type": 23, "codename": "change_profile"}}, {"model": "auth.permission", "pk": 91, "fields": {"name": "Can delete profile", "content_type": 23, "codename": "delete_profile"}}, {"model": "auth.permission", "pk": 92, "fields": {"name": "Can view profile", "content_type": 23, "codename": "view_profile"}}, {"model": "auth.permission", "pk": 93, "fields": {"name": "Can add blogpost", "content_type": 24, "codename": "add_blogpost"}}, {"model": "auth.permission", "pk": 94, "fields": {"name": "Can change blogpost", "content_type": 24, "codename": "change_blogpost"}}, {"model": "auth.permission", "pk": 95, "fields": {"name": "Can delete blogpost", "content_type": 24, "codename": "delete_blogpost"}}, {"model": "auth.permission", "pk": 96, "fields": {"name": "Can view blogpost", "content_type": 24, "codename": "view_blogpost"}}, {"model": "auth.permission", "pk": 97, "fields": {"name": "Can add blog section", "content_type": 25, "codename": "add_blogsection"}}, {"model": "auth.permission", "pk": 98, "fields": {"name": "Can change blog section", "content_type": 25, "codename": "change_blogsection"}}, {"model": "auth.permission", "pk": 99, "fields": {"name": "Can delete blog section", "content_type": 25, "codename": "delete_blogsection"}}, {"model": "auth.permission", "pk": 100, "fields": {"name": "Can view blog section", "content_type": 25, "codename": "view_blogsection"}}, {"model": "auth.permission", "pk": 101, "fields": {"name": "Can add Tag", "content_type": 26, "codename": "add_tag"}}, {"model": "auth.permission", "pk": 102, "fields": {"name": "Can change Tag", "content_type": 26, "codename": "change_tag"}}, {"model": "auth.permission", "pk": 103, "fields": {"name": "Can delete Tag", "content_type": 26, "codename": "delete_tag"}}, {"model": "auth.permission", "pk": 104, "fields": {"name": "Can view Tag", "content_type": 26, "codename": "view_tag"}}, {"model": "auth.permission", "pk": 105, "fields": {"name": "Can add Tagged Item", "content_type": 27, "codename": "add_taggeditem"}}, {"model": "auth.permission", "pk": 106, "fields": {"name": "Can change Tagged Item", "content_type": 27, "codename": "change_taggeditem"}}, {"model": "auth.permission", "pk": 107, "fields": {"name": "Can delete Tagged Item", "content_type": 27, "codename": "delete_taggeditem"}}, {"model": "auth.permission", "pk": 108, "fields": {"name": "Can view Tagged Item", "content_type": 27, "codename": "view_taggeditem"}}, {"model": "auth.permission", "pk": 109, "fields": {"name": "Can add elitemanga review", "content_type": 28, "codename": "add_elitemangareview"}}, {"model": "auth.permission", "pk": 110, "fields": {"name": "Can change elitemanga review", "content_type": 28, "codename": "change_elitemangareview"}}, {"model": "auth.permission", "pk": 111, "fields": {"name": "Can delete elitemanga review", "content_type": 28, "codename": "delete_elitemangareview"}}, {"model": "auth.permission", "pk": 112, "fields": {"name": "Can view elitemanga review", "content_type": 28, "codename": "view_elitemangareview"}}, {"model": "auth.permission", "pk": 113, "fields": {"name": "Can add list", "content_type": 29, "codename": "add_list"}}, {"model": "auth.permission", "pk": 114, "fields": {"name": "Can change list", "content_type": 29, "codename": "change_list"}}, {"model": "auth.permission", "pk": 115, "fields": {"name": "Can delete list", "content_type": 29, "codename": "delete_list"}}, {"model": "auth.permission", "pk": 116, "fields": {"name": "Can view list", "content_type": 29, "codename": "view_list"}}, {"model": "auth.permission", "pk": 117, "fields": {"name": "Can add list section", "content_type": 30, "codename": "add_listsection"}}, {"model": "auth.permission", "pk": 118, "fields": {"name": "Can change list section", "content_type": 30, "codename": "change_listsection"}}, {"model": "auth.permission", "pk": 119, "fields": {"name": "Can delete list section", "content_type": 30, "codename": "delete_listsection"}}, {"model": "auth.permission", "pk": 120, "fields": {"name": "Can view list section", "content_type": 30, "codename": "view_listsection"}}, {"model": "auth.permission", "pk": 121, "fields": {"name": "Can add tagged list", "content_type": 31, "codename": "add_taggedlist"}}, {"model": "auth.permission", "pk": 122, "fields": {"name": "Can change tagged list", "content_type": 31, "codename": "change_taggedlist"}}, {"model": "auth.permission", "pk": 123, "fields": {"name": "Can delete tagged list", "content_type": 31, "codename": "delete_taggedlist"}}, {"model": "auth.permission", "pk": 124, "fields": {"name": "Can view tagged list", "content_type": 31, "codename": "view_taggedlist"}}, {"model": "auth.permission", "pk": 125, "fields": {"name": "Can add ListTag", "content_type": 32, "codename": "add_mycustomtag"}}, {"model": "auth.permission", "pk": 126, "fields": {"name": "Can change ListTag", "content_type": 32, "codename": "change_mycustomtag"}}, {"model": "auth.permission", "pk": 127, "fields": {"name": "Can delete ListTag", "content_type": 32, "codename": "delete_mycustomtag"}}, {"model": "auth.permission", "pk": 128, "fields": {"name": "Can view ListTag", "content_type": 32, "codename": "view_mycustomtag"}}, {"model": "auth.permission", "pk": 129, "fields": {"name": "Can add source", "content_type": 33, "codename": "add_source"}}, {"model": "auth.permission", "pk": 130, "fields": {"name": "Can change source", "content_type": 33, "codename": "change_source"}}, {"model": "auth.permission", "pk": 131, "fields": {"name": "Can delete source", "content_type": 33, "codename": "delete_source"}}, {"model": "auth.permission", "pk": 132, "fields": {"name": "Can view source", "content_type": 33, "codename": "view_source"}}, {"model": "auth.permission", "pk": 133, "fields": {"name": "Can add source link", "content_type": 34, "codename": "add_sourcelink"}}, {"model": "auth.permission", "pk": 134, "fields": {"name": "Can change source link", "content_type": 34, "codename": "change_sourcelink"}}, {"model": "auth.permission", "pk": 135, "fields": {"name": "Can delete source link", "content_type": 34, "codename": "delete_sourcelink"}}, {"model": "auth.permission", "pk": 136, "fields": {"name": "Can view source link", "content_type": 34, "codename": "view_sourcelink"}}, {"model": "auth.permission", "pk": 137, "fields": {"name": "Can add announcement", "content_type": 35, "codename": "add_announcement"}}, {"model": "auth.permission", "pk": 138, "fields": {"name": "Can change announcement", "content_type": 35, "codename": "change_announcement"}}, {"model": "auth.permission", "pk": 139, "fields": {"name": "Can delete announcement", "content_type": 35, "codename": "delete_announcement"}}, {"model": "auth.permission", "pk": 140, "fields": {"name": "Can view announcement", "content_type": 35, "codename": "view_announcement"}}, {"model": "auth.permission", "pk": 141, "fields": {"name": "Can add campaign", "content_type": 36, "codename": "add_campaign"}}, {"model": "auth.permission", "pk": 142, "fields": {"name": "Can change campaign", "content_type": 36, "codename": "change_campaign"}}, {"model": "auth.permission", "pk": 143, "fields": {"name": "Can delete campaign", "content_type": 36, "codename": "delete_campaign"}}, {"model": "auth.permission", "pk": 144, "fields": {"name": "Can view campaign", "content_type": 36, "codename": "view_campaign"}}, {"model": "auth.permission", "pk": 145, "fields": {"name": "Can add referral", "content_type": 37, "codename": "add_referral"}}, {"model": "auth.permission", "pk": 146, "fields": {"name": "Can change referral", "content_type": 37, "codename": "change_referral"}}, {"model": "auth.permission", "pk": 147, "fields": {"name": "Can delete referral", "content_type": 37, "codename": "delete_referral"}}, {"model": "auth.permission", "pk": 148, "fields": {"name": "Can view referral", "content_type": 37, "codename": "view_referral"}}, {"model": "auth.permission", "pk": 149, "fields": {"name": "Can add attachment", "content_type": 38, "codename": "add_attachment"}}, {"model": "auth.permission", "pk": 150, "fields": {"name": "Can change attachment", "content_type": 38, "codename": "change_attachment"}}, {"model": "auth.permission", "pk": 151, "fields": {"name": "Can delete attachment", "content_type": 38, "codename": "delete_attachment"}}, {"model": "auth.permission", "pk": 152, "fields": {"name": "Can view attachment", "content_type": 38, "codename": "view_attachment"}}, {"model": "auth.permission", "pk": 153, "fields": {"name": "Can add bookmark", "content_type": 39, "codename": "add_bookmark"}}, {"model": "auth.permission", "pk": 154, "fields": {"name": "Can change bookmark", "content_type": 39, "codename": "change_bookmark"}}, {"model": "auth.permission", "pk": 155, "fields": {"name": "Can delete bookmark", "content_type": 39, "codename": "delete_bookmark"}}, {"model": "auth.permission", "pk": 156, "fields": {"name": "Can view bookmark", "content_type": 39, "codename": "view_bookmark"}}, {"model": "auth.permission", "pk": 157, "fields": {"name": "Can add pinned application", "content_type": 40, "codename": "add_pinnedapplication"}}, {"model": "auth.permission", "pk": 158, "fields": {"name": "Can change pinned application", "content_type": 40, "codename": "change_pinnedapplication"}}, {"model": "auth.permission", "pk": 159, "fields": {"name": "Can delete pinned application", "content_type": 40, "codename": "delete_pinnedapplication"}}, {"model": "auth.permission", "pk": 160, "fields": {"name": "Can view pinned application", "content_type": 40, "codename": "view_pinnedapplication"}}, {"model": "auth.permission", "pk": 161, "fields": {"name": "Can add user dashboard module", "content_type": 41, "codename": "add_userdashboardmodule"}}, {"model": "auth.permission", "pk": 162, "fields": {"name": "Can change user dashboard module", "content_type": 41, "codename": "change_userdashboardmodule"}}, {"model": "auth.permission", "pk": 163, "fields": {"name": "Can delete user dashboard module", "content_type": 41, "codename": "delete_userdashboardmodule"}}, {"model": "auth.permission", "pk": 164, "fields": {"name": "Can view user dashboard module", "content_type": 41, "codename": "view_userdashboardmodule"}}, {"model": "users.user", "pk": 1, "fields": {"password": "pbkdf2_sha256$150000$KcBfqbdJyz1S$yS0PPn8/Y7SXyfxkTtXsOnbLOaUcl3h2Ir+gHzw3+84=", "last_login": "2020-08-31T16:56:08.312Z", "is_superuser": true, "username": "IsraelAire", "first_name": "", "last_name": "", "is_staff": true, "is_active": true, "date_joined": "2020-04-14T17:04:09Z", "email": "airenov500@gmail.com", "groups": [], "user_permissions": []}}, {"model": "users.user", "pk": 2, "fields": {"password": "pbkdf2_sha256$150000$TlZ92d2B9QIP$KSu0U0wb6yJtomNupzaPOl75kGb6K0fDOskrZe2mFPE=", "last_login": "2020-07-21T22:32:08.223Z", "is_superuser": true, "username": "a", "first_name": "", "last_name": "", "is_staff": true, "is_active": true, "date_joined": "2020-04-16T10:59:38.243Z", "email": "a@a.com", "groups": [], "user_permissions": []}}, {"model": "users.user", "pk": 3, "fields": {"password": "pbkdf2_sha256$150000$ZfAYl9RFdi8k$QkwDE8nM3NzEAkjst416PfLrLk31hFizQr7DwW21qZw=", "last_login": "2020-07-11T14:52:05.775Z", "is_superuser": false, "username": "daniel", "first_name": "", "last_name": "", "is_staff": false, "is_active": true, "date_joined": "2020-07-11T14:52:05.153Z", "email": "daniel@daniel.com", "groups": [], "user_permissions": []}}, {"model": "users.user", "pk": 4, "fields": {"password": "pbkdf2_sha256$150000$NZtJC24rQl5a$vG0/tp1kS/ub8DVJa9XQfAMvEPu8Sup4tX1H/YC6kkI=", "last_login": "2020-07-12T15:56:15.337Z", "is_superuser": false, "username": "jack", "first_name": "", "last_name": "", "is_staff": false, "is_active": true, "date_joined": "2020-07-12T15:56:15.025Z", "email": "airenov5000@gmail.com", "groups": [], "user_permissions": []}}, {"model": "users.user", "pk": 5, "fields": {"password": "pbkdf2_sha256$150000$EzdRjWRY18RZ$C6oRtckiJBtDN/iHkT6jZKEsff2qD/kIrhDgGG5kjCA=", "last_login": "2020-07-17T18:13:48.383Z", "is_superuser": false, "username": "Wizkid", "first_name": "", "last_name": "", "is_staff": false, "is_active": true, "date_joined": "2020-07-17T18:13:48.045Z", "email": "wizkid@wiz.com", "groups": [], "user_permissions": []}}, {"model": "users.user", "pk": 6, "fields": {"password": "pbkdf2_sha256$150000$Sc4aaPYVTRC2$UMrnEGgaPdR+Puc4xb5DuSvz8ReIWVhqjXUQqCrLaYM=", "last_login": "2020-07-18T12:35:53.975Z", "is_superuser": false, "username": "wiz", "first_name": "", "last_name": "", "is_staff": false, "is_active": true, "date_joined": "2020-07-18T12:35:53.680Z", "email": "wiz@wiz.com", "groups": [], "user_permissions": []}}, {"model": "users.user", "pk": 7, "fields": {"password": "pbkdf2_sha256$150000$pmBuVpG1X9Ra$kfDkleSQDkoV5wet/S0fF5ZE7WaiIKw577SLYvs1L3Y=", "last_login": "2020-07-18T12:37:17.667Z", "is_superuser": false, "username": "hame", "first_name": "", "last_name": "", "is_staff": false, "is_active": true, "date_joined": "2020-07-18T12:37:17.434Z", "email": "hame@hame.com", "groups": [], "user_permissions": []}}, {"model": "users.user", "pk": 8, "fields": {"password": "pbkdf2_sha256$150000$tkBwUkEsul2X$0OJZWZmt4A+rV2RScHZv+XbExGr0St6lmmsdJvJsR4g=", "last_login": "2020-07-18T12:44:05.165Z", "is_superuser": false, "username": "jij", "first_name": "", "last_name": "", "is_staff": false, "is_active": true, "date_joined": "2020-07-18T12:44:04.308Z", "email": "hu@hu.com", "groups": [], "user_permissions": []}}, {"model": "users.user", "pk": 9, "fields": {"password": "pbkdf2_sha256$150000$QqdGfQ0OOmFn$KQT51Nx2RxIbNHVM9I4VxMymNCRH+xIFDZXQBcHGiaQ=", "last_login": "2020-07-18T13:46:50.559Z", "is_superuser": false, "username": "dav", "first_name": "", "last_name": "", "is_staff": false, "is_active": true, "date_joined": "2020-07-18T13:46:49.840Z", "email": "dav@dav.com", "groups": [], "user_permissions": []}}, {"model": "users.user", "pk": 10, "fields": {"password": "pbkdf2_sha256$150000$CbLmSgSxQEEb$0n7hqWSoHe84LarVpS1YtNS5nYPFH4E56ZA8xaaRkJU=", "last_login": "2020-07-18T13:57:02.846Z", "is_superuser": false, "username": "wiza", "first_name": "", "last_name": "", "is_staff": false, "is_active": true, "date_joined": "2020-07-18T13:57:02.068Z", "email": "wiza@wiz.com", "groups": [], "user_permissions": []}}, {"model": "users.user", "pk": 11, "fields": {"password": "pbkdf2_sha256$150000$3e32exg9E9d9$5u+IV3V8r18lFKEBWLOWj+X3W1/OEoqN+QCiWT7aUfk=", "last_login": "2020-07-22T13:05:46.290Z", "is_superuser": false, "username": "jwiejfiowj", "first_name": "", "last_name": "", "is_staff": false, "is_active": true, "date_joined": "2020-07-22T13:05:46.019Z", "email": "ojaiwja@ijogjij.com", "groups": [], "user_permissions": []}}, {"model": "users.user", "pk": 12, "fields": {"password": "pbkdf2_sha256$150000$Kr2RA6KyDaHV$EFhDMx8BFXtKDCqV508G0CAitWFKPFKmnLgA7v1CLQU=", "last_login": "2020-07-22T13:09:25.151Z", "is_superuser": false, "username": "wark", "first_name": "", "last_name": "", "is_staff": false, "is_active": true, "date_joined": "2020-07-22T13:09:24.889Z", "email": "wark@wark.com", "groups": [], "user_permissions": []}}, {"model": "users.user", "pk": 14, "fields": {"password": "!JXi7JADVK8uQiexKCpbSP75mEaCrL641gqsE59e0", "last_login": "2020-08-13T12:54:40.425Z", "is_superuser": false, "username": "israel03", "first_name": "Israel", "last_name": "Airenovboise", "is_staff": false, "is_active": true, "date_joined": "2020-08-13T12:54:40.370Z", "email": "avowed01@gmail.com", "groups": [], "user_permissions": []}}, {"model": "users.user", "pk": 15, "fields": {"password": "!KMqAcspNFk3Ic70wVyshdED5O9bHpmFPgSo9BIOv", "last_login": "2020-08-13T12:55:38.025Z", "is_superuser": false, "username": "omisej", "first_name": "Omisej", "last_name": "Nigeria Limited", "is_staff": false, "is_active": true, "date_joined": "2020-08-13T12:55:37.981Z", "email": "technicalsales@omisej.com", "groups": [], "user_permissions": []}}, {"model": "users.user", "pk": 16, "fields": {"password": "!1cxkAJ1kEonP4Zp6yFGdxLcNpwB7tc2rbNSw271l", "last_login": "2020-08-17T15:19:41.566Z", "is_superuser": false, "username": "israel27", "first_name": "Israel", "last_name": "Aire", "is_staff": false, "is_active": true, "date_joined": "2020-08-13T21:26:37.797Z", "email": "eazyboy01@hotmail.com", "groups": [], "user_permissions": []}}, {"model": "users.user", "pk": 20, "fields": {"password": "pbkdf2_sha256$150000$2f4HyE7Q2P3m$Lx/lBdL3MKvkkbAgVSCygBk78Jc/guJR5JWEsrl1MPw=", "last_login": "2020-08-19T13:43:53.396Z", "is_superuser": false, "username": "Israeltwick", "first_name": "", "last_name": "", "is_staff": false, "is_active": true, "date_joined": "2020-08-14T19:07:05Z", "email": "airenov2000@gmail.com", "groups": [], "user_permissions": []}}, {"model": "users.profile", "pk": 1, "fields": {"username": "a", "level": "0", "user": 2, "avatar": "", "avatar_thumbnail": "", "social_avatar": null, "is_referred": false, "slug": "a-3000", "date_joined": "2020-07-16"}}, {"model": "users.profile", "pk": 2, "fields": {"username": "IsraelAire", "level": "0", "user": 1, "avatar": "profile-avatars/605192_UeIEaN4.png", "avatar_thumbnail": "product-thumbnails/profile-avatars/605192_UeIEaN4_wjiYJN6.png", "social_avatar": null, "is_referred": true, "slug": "israelaire-6000", "date_joined": "2020-07-16"}}, {"model": "users.profile", "pk": 3, "fields": {"username": "daniel", "level": "0", "user": 3, "avatar": "", "avatar_thumbnail": "", "social_avatar": null, "is_referred": false, "slug": "daniel-9000", "date_joined": "2020-07-16"}}, {"model": "users.profile", "pk": 4, "fields": {"username": "jack", "level": "0", "user": 4, "avatar": "", "avatar_thumbnail": "", "social_avatar": null, "is_referred": false, "slug": "jack-12000", "date_joined": "2020-07-16"}}, {"model": "users.profile", "pk": 5, "fields": {"username": "Wizkid", "level": "0", "user": 5, "avatar": "", "avatar_thumbnail": "", "social_avatar": null, "is_referred": false, "slug": "wizkid-15000", "date_joined": "2020-07-17"}}, {"model": "users.profile", "pk": 6, "fields": {"username": "wiz", "level": "0", "user": 6, "avatar": "", "avatar_thumbnail": "", "social_avatar": null, "is_referred": false, "slug": "wiz-18000", "date_joined": "2020-07-18"}}, {"model": "users.profile", "pk": 7, "fields": {"username": "hame", "level": "0", "user": 7, "avatar": "", "avatar_thumbnail": "", "social_avatar": null, "is_referred": false, "slug": "hame-21000", "date_joined": "2020-07-18"}}, {"model": "users.profile", "pk": 8, "fields": {"username": "jij", "level": "0", "user": 8, "avatar": "", "avatar_thumbnail": "", "social_avatar": null, "is_referred": false, "slug": "jij-24000", "date_joined": "2020-07-18"}}, {"model": "users.profile", "pk": 9, "fields": {"username": "dav", "level": "0", "user": 9, "avatar": "", "avatar_thumbnail": "", "social_avatar": null, "is_referred": false, "slug": "dav-27000", "date_joined": "2020-07-18"}}, {"model": "users.profile", "pk": 10, "fields": {"username": "wiza", "level": "0", "user": 10, "avatar": "", "avatar_thumbnail": "", "social_avatar": null, "is_referred": false, "slug": "wiza-30000", "date_joined": "2020-07-18"}}, {"model": "users.profile", "pk": 11, "fields": {"username": "jwiejfiowj", "level": "0", "user": 11, "avatar": "", "avatar_thumbnail": "", "social_avatar": null, "is_referred": false, "slug": "jwiejfiowj-33000", "date_joined": "2020-07-22"}}, {"model": "users.profile", "pk": 12, "fields": {"username": "wark", "level": "0", "user": 12, "avatar": "", "avatar_thumbnail": "", "social_avatar": null, "is_referred": false, "slug": "wark-36000", "date_joined": "2020-07-22"}}, {"model": "users.profile", "pk": 14, "fields": {"username": "israel03", "level": "0", "user": 14, "avatar": "", "avatar_thumbnail": "", "social_avatar": null, "is_referred": false, "slug": "israel03-42000", "date_joined": "2020-08-13"}}, {"model": "users.profile", "pk": 15, "fields": {"username": "omisej", "level": "0", "user": 15, "avatar": "", "avatar_thumbnail": "", "social_avatar": null, "is_referred": false, "slug": "omisej-45000", "date_joined": "2020-08-13"}}, {"model": "users.profile", "pk": 16, "fields": {"username": "israel27", "level": "0", "user": 16, "avatar": "", "avatar_thumbnail": "", "social_avatar": "https://graph.facebook.com/v8.0/3460484330662282/picture/", "is_referred": false, "slug": "israel27-48000", "date_joined": "2020-08-13"}}, {"model": "users.profile", "pk": 20, "fields": {"username": "IsraelAire_2", "level": "0", "user": 20, "avatar": "profile-avatars/605588.jpg", "avatar_thumbnail": "product-thumbnails/profile-avatars/605588_i0ZIOAL.jpg", "social_avatar": null, "is_referred": true, "slug": "israelaire_2-60000", "date_joined": "2020-08-14"}}, {"model": "backend.reviewvote", "pk": 3, "fields": {"user": 1, "choice": "1", "user_review": 3}}, {"model": "backend.reviewvote", "pk": 8, "fields": {"user": 1, "choice": "1", "user_review": 4}}, {"model": "backend.reviewvote", "pk": 9, "fields": {"user": 1, "choice": "2", "user_review": 5}}, {"model": "backend.reviewvote", "pk": 11, "fields": {"user": 1, "choice": "2", "user_review": 2}}, {"model": "backend.reviewvote", "pk": 16, "fields": {"user": 1, "choice": "2", "user_review": 9}}, {"model": "backend.reviewvote", "pk": 37, "fields": {"user": 1, "choice": "2", "user_review": 8}}, {"model": "backend.reviewvote", "pk": 38, "fields": {"user": 1, "choice": "1", "user_review": 1}}, {"model": "backend.reviewvote", "pk": 40, "fields": {"user": 1, "choice": "2", "user_review": 12}}, {"model": "backend.reviewvote", "pk": 41, "fields": {"user": 1, "choice": "1", "user_review": 15}}, {"model": "backend.reviewvote", "pk": 42, "fields": {"user": 1, "choice": "2", "user_review": 16}}, {"model": "backend.reviewvote", "pk": 43, "fields": {"user": 1, "choice": "1", "user_review": 8}}, {"model": "authtoken.token", "pk": "043e6495c0fd44f4709c29920e6e08fec3d1ba0d", "fields": {"user": 16, "created": "2020-08-13T21:26:38.045Z"}}, {"model": "authtoken.token", "pk": "10c9a26305bf35da23f9ba7bef97be3496124e7d", "fields": {"user": 5, "created": "2020-07-17T18:13:48.368Z"}}, {"model": "authtoken.token", "pk": "150e3c70ef046a5dc7f983218d1dd823c4dbbc56", "fields": {"user": 8, "created": "2020-07-18T12:44:05.152Z"}}, {"model": "authtoken.token", "pk": "2f1ed4302f6fa5b17388dfb9a493308c9262faba", "fields": {"user": 14, "created": "2020-08-13T12:54:40.420Z"}}, {"model": "authtoken.token", "pk": "35baadb6d264e99d1ce8f1dc0e7992a2d25f32ce", "fields": {"user": 7, "created": "2020-07-18T12:37:17.661Z"}}, {"model": "authtoken.token", "pk": "383b5337c7c35f46af2d4ce8c1b34c5d46bc2655", "fields": {"user": 20, "created": "2020-08-14T19:07:06.180Z"}}, {"model": "authtoken.token", "pk": "51d6d71ad9ef55e626e29f43cf9313d9f8cc226d", "fields": {"user": 6, "created": "2020-07-18T12:35:53.955Z"}}, {"model": "authtoken.token", "pk": "57f7614a139a86516534e5e98c1dabc4a5bb50c8", "fields": {"user": 3, "created": "2020-07-11T14:52:05.745Z"}}, {"model": "authtoken.token", "pk": "a859fea587024bba24deadb1709d7d1952c61b6b", "fields": {"user": 9, "created": "2020-07-18T13:46:50.539Z"}}, {"model": "authtoken.token", "pk": "b0c6c9539627ea212922b413ed7538685b03eda1", "fields": {"user": 4, "created": "2020-07-12T15:56:15.306Z"}}, {"model": "authtoken.token", "pk": "b7210e3f6ca19287e348504cb765db361ba32baa", "fields": {"user": 11, "created": "2020-07-22T13:05:46.282Z"}}, {"model": "authtoken.token", "pk": "f327f43283ce5b727de22944ad7edc9777fe025e", "fields": {"user": 15, "created": "2020-08-13T12:55:38.023Z"}}, {"model": "authtoken.token", "pk": "f58d656291b80ec9d678bcacaceca945e0d8c33b", "fields": {"user": 1, "created": "2020-04-17T12:26:19.331Z"}}, {"model": "authtoken.token", "pk": "fa435b0e6b433c56dfbd90c9f7bde5ef557973bd", "fields": {"user": 10, "created": "2020-07-18T13:57:02.831Z"}}, {"model": "authtoken.token", "pk": "fecb98379468b58e473f2f14795cbd2d0abb7e1b", "fields": {"user": 12, "created": "2020-07-22T13:09:25.141Z"}}, {"model": "socialaccount.socialaccount", "pk": 2, "fields": {"user": 14, "provider": "google", "uid": "113391527949311327461", "last_login": "2020-08-13T12:54:40.398Z", "date_joined": "2020-08-13T12:54:40.398Z", "extra_data": "{\"id\": \"113391527949311327461\", \"email\": \"avowed01@gmail.com\", \"verified_email\": true, \"name\": \"Israel Airenovboise\", \"given_name\": \"Israel\", \"family_name\": \"Airenovboise\", \"picture\": \"https://lh4.googleusercontent.com/-70j_FZ-cPLM/AAAAAAAAAAI/AAAAAAAAAAA/AMZuuclbXfhK-7t8_av9UsoM8kyAc4ePNQ/photo.jpg\", \"locale\": \"en\"}"}}, {"model": "socialaccount.socialaccount", "pk": 3, "fields": {"user": 15, "provider": "google", "uid": "109891763137382865696", "last_login": "2020-08-13T12:55:38.000Z", "date_joined": "2020-08-13T12:55:38.000Z", "extra_data": "{\"id\": \"109891763137382865696\", \"email\": \"technicalsales@omisej.com\", \"verified_email\": true, \"name\": \"Omisej Nigeria Limited\", \"given_name\": \"Omisej\", \"family_name\": \"Nigeria Limited\", \"picture\": \"https://lh3.googleusercontent.com/-P5q2lE8fbig/AAAAAAAAAAI/AAAAAAAAAAA/AMZuucmlDOMhHiluER8Q_UQUCet-SCsdfQ/photo.jpg\", \"locale\": \"en\", \"hd\": \"omisej.com\"}"}}, {"model": "socialaccount.socialaccount", "pk": 4, "fields": {"user": 16, "provider": "facebook", "uid": "3460484330662282", "last_login": "2020-08-17T15:19:41.535Z", "date_joined": "2020-08-13T21:26:37.924Z", "extra_data": "{\"id\": \"3460484330662282\", \"email\": \"eazyboy01@hotmail.com\", \"name\": \"Israel Aire\", \"first_name\": \"Israel\", \"last_name\": \"Aire\"}"}}, {"model": "account.emailaddress", "pk": 1, "fields": {"user": 3, "email": "daniel@daniel.com", "verified": false, "primary": true}}, {"model": "account.emailaddress", "pk": 2, "fields": {"user": 4, "email": "airenov5000@gmail.com", "verified": false, "primary": true}}, {"model": "account.emailaddress", "pk": 3, "fields": {"user": 5, "email": "wizkid@wiz.com", "verified": false, "primary": true}}, {"model": "account.emailaddress", "pk": 4, "fields": {"user": 6, "email": "wiz@wiz.com", "verified": false, "primary": true}}, {"model": "account.emailaddress", "pk": 5, "fields": {"user": 7, "email": "hame@hame.com", "verified": false, "primary": true}}, {"model": "account.emailaddress", "pk": 6, "fields": {"user": 8, "email": "hu@hu.com", "verified": false, "primary": true}}, {"model": "account.emailaddress", "pk": 7, "fields": {"user": 9, "email": "dav@dav.com", "verified": false, "primary": true}}, {"model": "account.emailaddress", "pk": 8, "fields": {"user": 10, "email": "wiza@wiz.com", "verified": false, "primary": true}}, {"model": "account.emailaddress", "pk": 9, "fields": {"user": 11, "email": "ojaiwja@ijogjij.com", "verified": false, "primary": true}}, {"model": "account.emailaddress", "pk": 10, "fields": {"user": 12, "email": "wark@wark.com", "verified": false, "primary": true}}, {"model": "account.emailaddress", "pk": 11, "fields": {"user": 1, "email": "airenov500@gmail.com", "verified": true, "primary": true}}, {"model": "account.emailaddress", "pk": 13, "fields": {"user": 14, "email": "avowed01@gmail.com", "verified": true, "primary": true}}, {"model": "account.emailaddress", "pk": 14, "fields": {"user": 15, "email": "technicalsales@omisej.com", "verified": true, "primary": true}}, {"model": "account.emailaddress", "pk": 15, "fields": {"user": 16, "email": "eazyboy01@hotmail.com", "verified": false, "primary": true}}, {"model": "account.emailaddress", "pk": 19, "fields": {"user": 20, "email": "airenov2000@gmail.com", "verified": true, "primary": true}}, {"model": "admin.logentry", "pk": 1, "fields": {"action_time": "2020-04-16T11:00:54.882Z", "user": 2, "content_type": 23, "object_id": "2", "object_repr": "IsraelAire's profile", "action_flag": 1, "change_message": "[{\"added\": {}}]"}}, {"model": "admin.logentry", "pk": 2, "fields": {"action_time": "2020-04-16T15:42:20.834Z", "user": 2, "content_type": 18, "object_id": "18", "object_repr": "one-piece1", "action_flag": 3, "change_message": ""}}, {"model": "admin.logentry", "pk": 3, "fields": {"action_time": "2020-04-16T16:14:13.390Z", "user": 2, "content_type": 18, "object_id": "21", "object_repr": "one-piece", "action_flag": 3, "change_message": ""}}, {"model": "admin.logentry", "pk": 4, "fields": {"action_time": "2020-04-16T23:52:39.756Z", "user": 2, "content_type": 18, "object_id": "6", "object_repr": "solo-leveling", "action_flag": 3, "change_message": ""}}, {"model": "admin.logentry", "pk": 5, "fields": {"action_time": "2020-04-16T23:52:39.775Z", "user": 2, "content_type": 18, "object_id": "3", "object_repr": "kimetsu-no-yaiba", "action_flag": 3, "change_message": ""}}, {"model": "admin.logentry", "pk": 6, "fields": {"action_time": "2020-04-16T23:52:39.778Z", "user": 2, "content_type": 18, "object_id": "15", "object_repr": "one-piece", "action_flag": 3, "change_message": ""}}, {"model": "admin.logentry", "pk": 7, "fields": {"action_time": "2020-04-16T23:52:39.780Z", "user": 2, "content_type": 18, "object_id": "4", "object_repr": "boku-no-hero-academia", "action_flag": 3, "change_message": ""}}, {"model": "admin.logentry", "pk": 8, "fields": {"action_time": "2020-04-16T23:52:39.783Z", "user": 2, "content_type": 18, "object_id": "11", "object_repr": "onepunch-man", "action_flag": 3, "change_message": ""}}, {"model": "admin.logentry", "pk": 9, "fields": {"action_time": "2020-04-16T23:52:39.819Z", "user": 2, "content_type": 18, "object_id": "7", "object_repr": "tower-of-god", "action_flag": 3, "change_message": ""}}, {"model": "admin.logentry", "pk": 10, "fields": {"action_time": "2020-04-16T23:52:39.824Z", "user": 2, "content_type": 18, "object_id": "14", "object_repr": "tensei-shitara-slime-datta-ken", "action_flag": 3, "change_message": ""}}, {"model": "admin.logentry", "pk": 11, "fields": {"action_time": "2020-04-16T23:52:39.826Z", "user": 2, "content_type": 18, "object_id": "5", "object_repr": "naruto", "action_flag": 3, "change_message": ""}}, {"model": "admin.logentry", "pk": 12, "fields": {"action_time": "2020-04-16T23:52:39.847Z", "user": 2, "content_type": 18, "object_id": "9", "object_repr": "berserk", "action_flag": 3, "change_message": ""}}, {"model": "admin.logentry", "pk": 13, "fields": {"action_time": "2020-04-16T23:52:39.850Z", "user": 2, "content_type": 18, "object_id": "2", "object_repr": "attack-on-titan", "action_flag": 3, "change_message": ""}}, {"model": "admin.logentry", "pk": 14, "fields": {"action_time": "2020-04-16T23:52:39.871Z", "user": 2, "content_type": 18, "object_id": "16", "object_repr": "fairy-tail", "action_flag": 3, "change_message": ""}}, {"model": "admin.logentry", "pk": 15, "fields": {"action_time": "2020-04-16T23:52:39.873Z", "user": 2, "content_type": 18, "object_id": "1", "object_repr": "boruto:-naruto-next-generations", "action_flag": 3, "change_message": ""}}, {"model": "admin.logentry", "pk": 16, "fields": {"action_time": "2020-04-16T23:52:39.875Z", "user": 2, "content_type": 18, "object_id": "12", "object_repr": "koe-no-katachi", "action_flag": 3, "change_message": ""}}, {"model": "admin.logentry", "pk": 17, "fields": {"action_time": "2020-04-16T23:52:39.877Z", "user": 2, "content_type": 18, "object_id": "10", "object_repr": "bakemonogatari-(nishio-ishin)", "action_flag": 3, "change_message": ""}}, {"model": "admin.logentry", "pk": 18, "fields": {"action_time": "2020-04-16T23:52:39.879Z", "user": 2, "content_type": 18, "object_id": "8", "object_repr": "fullmetal-alchemist", "action_flag": 3, "change_message": ""}}, {"model": "admin.logentry", "pk": 19, "fields": {"action_time": "2020-04-16T23:52:39.882Z", "user": 2, "content_type": 18, "object_id": "13", "object_repr": "death-note", "action_flag": 3, "change_message": ""}}, {"model": "admin.logentry", "pk": 20, "fields": {"action_time": "2020-04-16T23:59:39.041Z", "user": 2, "content_type": 18, "object_id": "29", "object_repr": "solo-leveling", "action_flag": 3, "change_message": ""}}, {"model": "admin.logentry", "pk": 21, "fields": {"action_time": "2020-04-16T23:59:39.046Z", "user": 2, "content_type": 18, "object_id": "26", "object_repr": "kimetsu-no-yaiba", "action_flag": 3, "change_message": ""}}, {"model": "admin.logentry", "pk": 22, "fields": {"action_time": "2020-04-16T23:59:39.050Z", "user": 2, "content_type": 18, "object_id": "38", "object_repr": "one-piece", "action_flag": 3, "change_message": ""}}, {"model": "admin.logentry", "pk": 23, "fields": {"action_time": "2020-04-16T23:59:39.053Z", "user": 2, "content_type": 18, "object_id": "27", "object_repr": "boku-no-hero-academia", "action_flag": 3, "change_message": ""}}, {"model": "admin.logentry", "pk": 24, "fields": {"action_time": "2020-04-16T23:59:39.055Z", "user": 2, "content_type": 18, "object_id": "34", "object_repr": "onepunch-man", "action_flag": 3, "change_message": ""}}, {"model": "admin.logentry", "pk": 25, "fields": {"action_time": "2020-04-16T23:59:39.057Z", "user": 2, "content_type": 18, "object_id": "30", "object_repr": "tower-of-god", "action_flag": 3, "change_message": ""}}, {"model": "admin.logentry", "pk": 26, "fields": {"action_time": "2020-04-16T23:59:39.059Z", "user": 2, "content_type": 18, "object_id": "37", "object_repr": "tensei-shitara-slime-datta-ken", "action_flag": 3, "change_message": ""}}, {"model": "admin.logentry", "pk": 27, "fields": {"action_time": "2020-04-16T23:59:39.061Z", "user": 2, "content_type": 18, "object_id": "40", "object_repr": "the-god-of-high-school", "action_flag": 3, "change_message": ""}}, {"model": "admin.logentry", "pk": 28, "fields": {"action_time": "2020-04-16T23:59:39.063Z", "user": 2, "content_type": 18, "object_id": "28", "object_repr": "naruto", "action_flag": 3, "change_message": ""}}, {"model": "admin.logentry", "pk": 29, "fields": {"action_time": "2020-04-16T23:59:39.067Z", "user": 2, "content_type": 18, "object_id": "32", "object_repr": "berserk", "action_flag": 3, "change_message": ""}}, {"model": "admin.logentry", "pk": 30, "fields": {"action_time": "2020-04-16T23:59:39.069Z", "user": 2, "content_type": 18, "object_id": "25", "object_repr": "attack-on-titan", "action_flag": 3, "change_message": ""}}, {"model": "admin.logentry", "pk": 31, "fields": {"action_time": "2020-04-16T23:59:39.072Z", "user": 2, "content_type": 18, "object_id": "39", "object_repr": "fairy-tail", "action_flag": 3, "change_message": ""}}, {"model": "admin.logentry", "pk": 32, "fields": {"action_time": "2020-04-16T23:59:39.073Z", "user": 2, "content_type": 18, "object_id": "24", "object_repr": "boruto:-naruto-next-generations", "action_flag": 3, "change_message": ""}}, {"model": "admin.logentry", "pk": 33, "fields": {"action_time": "2020-04-16T23:59:39.075Z", "user": 2, "content_type": 18, "object_id": "35", "object_repr": "koe-no-katachi", "action_flag": 3, "change_message": ""}}, {"model": "admin.logentry", "pk": 34, "fields": {"action_time": "2020-04-16T23:59:39.077Z", "user": 2, "content_type": 18, "object_id": "33", "object_repr": "bakemonogatari-(nishio-ishin)", "action_flag": 3, "change_message": ""}}, {"model": "admin.logentry", "pk": 35, "fields": {"action_time": "2020-04-16T23:59:39.080Z", "user": 2, "content_type": 18, "object_id": "31", "object_repr": "fullmetal-alchemist", "action_flag": 3, "change_message": ""}}, {"model": "admin.logentry", "pk": 36, "fields": {"action_time": "2020-04-16T23:59:39.083Z", "user": 2, "content_type": 18, "object_id": "36", "object_repr": "death-note", "action_flag": 3, "change_message": ""}}, {"model": "admin.logentry", "pk": 37, "fields": {"action_time": "2020-04-21T13:36:57.268Z", "user": 2, "content_type": 18, "object_id": "55", "object_repr": "one-piece", "action_flag": 2, "change_message": "[{\"changed\": {\"fields\": [\"author\", \"description\"]}}, {\"added\": {\"name\": \"elitemanga review\", \"object\": \"ElitemangaReview object (1)\"}}]"}}, {"model": "admin.logentry", "pk": 38, "fields": {"action_time": "2020-05-02T13:50:49.721Z", "user": 1, "content_type": 29, "object_id": "1", "object_repr": "List object (1)", "action_flag": 1, "change_message": "[{\"added\": {}}]"}}, {"model": "admin.logentry", "pk": 39, "fields": {"action_time": "2020-05-02T13:53:34.087Z", "user": 1, "content_type": 29, "object_id": "1", "object_repr": "List object (1)", "action_flag": 2, "change_message": "[{\"added\": {\"name\": \"list section\", \"object\": \"ListSection object (1)\"}}, {\"added\": {\"name\": \"list section\", \"object\": \"ListSection object (2)\"}}]"}}, {"model": "admin.logentry", "pk": 40, "fields": {"action_time": "2020-05-02T13:53:47.363Z", "user": 1, "content_type": 29, "object_id": "1", "object_repr": "List object (1)", "action_flag": 2, "change_message": "[{\"changed\": {\"name\": \"list section\", \"object\": \"ListSection object (2)\", \"fields\": [\"position\"]}}]"}}, {"model": "admin.logentry", "pk": 41, "fields": {"action_time": "2020-06-02T13:26:19.323Z", "user": 1, "content_type": 29, "object_id": "2", "object_repr": "List object (2)", "action_flag": 1, "change_message": "[{\"added\": {}}]"}}, {"model": "admin.logentry", "pk": 42, "fields": {"action_time": "2020-06-02T13:33:20.711Z", "user": 1, "content_type": 29, "object_id": "3", "object_repr": "List object (3)", "action_flag": 1, "change_message": "[{\"added\": {}}]"}}, {"model": "admin.logentry", "pk": 43, "fields": {"action_time": "2020-06-02T13:38:59.021Z", "user": 1, "content_type": 29, "object_id": "4", "object_repr": "List object (4)", "action_flag": 1, "change_message": "[{\"added\": {}}]"}}, {"model": "admin.logentry", "pk": 44, "fields": {"action_time": "2020-06-02T13:39:42.749Z", "user": 1, "content_type": 29, "object_id": "5", "object_repr": "List object (5)", "action_flag": 1, "change_message": "[{\"added\": {}}]"}}, {"model": "admin.logentry", "pk": 45, "fields": {"action_time": "2020-06-02T14:05:57.565Z", "user": 1, "content_type": 29, "object_id": "6", "object_repr": "List object (6)", "action_flag": 1, "change_message": "[{\"added\": {}}]"}}, {"model": "admin.logentry", "pk": 46, "fields": {"action_time": "2020-06-02T14:06:44.421Z", "user": 1, "content_type": 29, "object_id": "6", "object_repr": "List object (6)", "action_flag": 3, "change_message": ""}}, {"model": "admin.logentry", "pk": 47, "fields": {"action_time": "2020-06-02T14:06:58.434Z", "user": 1, "content_type": 29, "object_id": "7", "object_repr": "List object (7)", "action_flag": 1, "change_message": "[{\"added\": {}}]"}}, {"model": "admin.logentry", "pk": 48, "fields": {"action_time": "2020-06-02T14:07:49.338Z", "user": 1, "content_type": 29, "object_id": "5", "object_repr": "List object (5)", "action_flag": 2, "change_message": "[{\"changed\": {\"fields\": [\"image\"]}}]"}}, {"model": "admin.logentry", "pk": 49, "fields": {"action_time": "2020-06-02T14:08:05.709Z", "user": 1, "content_type": 29, "object_id": "4", "object_repr": "List object (4)", "action_flag": 2, "change_message": "[{\"changed\": {\"fields\": [\"image\"]}}]"}}, {"model": "admin.logentry", "pk": 50, "fields": {"action_time": "2020-06-02T14:08:20.267Z", "user": 1, "content_type": 29, "object_id": "3", "object_repr": "List object (3)", "action_flag": 2, "change_message": "[{\"changed\": {\"fields\": [\"image\"]}}]"}}, {"model": "admin.logentry", "pk": 51, "fields": {"action_time": "2020-06-03T13:49:18.675Z", "user": 1, "content_type": 29, "object_id": "1", "object_repr": "List object (1)", "action_flag": 3, "change_message": ""}}, {"model": "admin.logentry", "pk": 52, "fields": {"action_time": "2020-06-03T14:18:13.925Z", "user": 1, "content_type": 29, "object_id": "5", "object_repr": "List object (5)", "action_flag": 2, "change_message": "[{\"changed\": {\"fields\": [\"slug\"]}}]"}}, {"model": "admin.logentry", "pk": 53, "fields": {"action_time": "2020-06-03T18:54:53.096Z", "user": 1, "content_type": 29, "object_id": "7", "object_repr": "List object (7)", "action_flag": 2, "change_message": "[{\"changed\": {\"fields\": [\"slug\"]}}]"}}, {"model": "admin.logentry", "pk": 54, "fields": {"action_time": "2020-06-03T18:54:57.827Z", "user": 1, "content_type": 29, "object_id": "7", "object_repr": "List object (7)", "action_flag": 2, "change_message": "[]"}}, {"model": "admin.logentry", "pk": 55, "fields": {"action_time": "2020-06-03T18:55:05.402Z", "user": 1, "content_type": 29, "object_id": "5", "object_repr": "List object (5)", "action_flag": 2, "change_message": "[]"}}, {"model": "admin.logentry", "pk": 56, "fields": {"action_time": "2020-06-03T18:55:38.720Z", "user": 1, "content_type": 29, "object_id": "4", "object_repr": "List object (4)", "action_flag": 2, "change_message": "[{\"changed\": {\"fields\": [\"slug\"]}}]"}}, {"model": "admin.logentry", "pk": 57, "fields": {"action_time": "2020-06-03T18:55:47.611Z", "user": 1, "content_type": 29, "object_id": "3", "object_repr": "List object (3)", "action_flag": 2, "change_message": "[{\"changed\": {\"fields\": [\"slug\"]}}]"}}, {"model": "admin.logentry", "pk": 58, "fields": {"action_time": "2020-06-03T18:55:54.451Z", "user": 1, "content_type": 29, "object_id": "2", "object_repr": "List object (2)", "action_flag": 2, "change_message": "[{\"changed\": {\"fields\": [\"slug\"]}}]"}}, {"model": "admin.logentry", "pk": 59, "fields": {"action_time": "2020-06-03T19:14:03.327Z", "user": 1, "content_type": 29, "object_id": "7", "object_repr": "List object (7)", "action_flag": 2, "change_message": "[{\"changed\": {\"fields\": [\"image\"]}}]"}}, {"model": "admin.logentry", "pk": 60, "fields": {"action_time": "2020-06-05T12:49:09.204Z", "user": 1, "content_type": 29, "object_id": "7", "object_repr": "List object (7)", "action_flag": 2, "change_message": "[{\"added\": {\"name\": \"list section\", \"object\": \"Boku No Hero Academia No: 1\"}}, {\"added\": {\"name\": \"list section\", \"object\": \"The God Of High School No: 2\"}}, {\"added\": {\"name\": \"list section\", \"object\": \"Tower Of God No: 3\"}}, {\"added\": {\"name\": \"list section\", \"object\": \"Bakemonogatari (Nishio Ishin) No: 4\"}}, {\"added\": {\"name\": \"list section\", \"object\": \"Attack On Titan No: 5\"}}, {\"added\": {\"name\": \"list section\", \"object\": \"Koe No Katachi No: 6\"}}, {\"added\": {\"name\": \"list section\", \"object\": \"Berserk No: 7\"}}, {\"added\": {\"name\": \"list section\", \"object\": \"Kimetsu No Yaiba No: 8\"}}, {\"added\": {\"name\": \"list section\", \"object\": \"One Piece No: 9\"}}, {\"added\": {\"name\": \"list section\", \"object\": \"Death Note No: 10\"}}]"}}, {"model": "admin.logentry", "pk": 61, "fields": {"action_time": "2020-06-05T12:49:44.586Z", "user": 1, "content_type": 29, "object_id": "7", "object_repr": "List object (7)", "action_flag": 2, "change_message": "[{\"changed\": {\"fields\": [\"title\", \"upvotes\"]}}]"}}, {"model": "admin.logentry", "pk": 62, "fields": {"action_time": "2020-06-08T11:12:22.788Z", "user": 1, "content_type": 29, "object_id": "7", "object_repr": "List object (7)", "action_flag": 2, "change_message": "[{\"changed\": {\"fields\": [\"intro\"]}}]"}}, {"model": "admin.logentry", "pk": 63, "fields": {"action_time": "2020-06-08T11:15:16.151Z", "user": 1, "content_type": 29, "object_id": "7", "object_repr": "List object (7)", "action_flag": 2, "change_message": "[{\"changed\": {\"fields\": [\"slug\"]}}]"}}, {"model": "admin.logentry", "pk": 64, "fields": {"action_time": "2020-06-10T11:51:00.434Z", "user": 1, "content_type": 29, "object_id": "7", "object_repr": "List object (7)", "action_flag": 2, "change_message": "[{\"added\": {\"name\": \"tagged list\", \"object\": \"List object (7) tagged with Action\"}}, {\"added\": {\"name\": \"tagged list\", \"object\": \"List object (7) tagged with Psychological\"}}, {\"added\": {\"name\": \"tagged list\", \"object\": \"List object (7) tagged with Fantasy\"}}]"}}, {"model": "admin.logentry", "pk": 65, "fields": {"action_time": "2020-06-10T13:02:01.360Z", "user": 1, "content_type": 29, "object_id": "7", "object_repr": "List object (7)", "action_flag": 2, "change_message": "[{\"deleted\": {\"name\": \"tagged list\", \"object\": \"List object (7) tagged with Action\"}}, {\"deleted\": {\"name\": \"tagged list\", \"object\": \"List object (7) tagged with Psychological\"}}, {\"deleted\": {\"name\": \"tagged list\", \"object\": \"List object (7) tagged with Fantasy\"}}]"}}, {"model": "admin.logentry", "pk": 66, "fields": {"action_time": "2020-06-10T13:21:40.819Z", "user": 1, "content_type": 32, "object_id": "1", "object_repr": "Ranking", "action_flag": 1, "change_message": "[{\"added\": {}}]"}}, {"model": "admin.logentry", "pk": 67, "fields": {"action_time": "2020-06-10T13:22:03.778Z", "user": 1, "content_type": 32, "object_id": "2", "object_repr": "Anime", "action_flag": 1, "change_message": "[{\"added\": {}}]"}}, {"model": "admin.logentry", "pk": 68, "fields": {"action_time": "2020-06-10T13:22:10.221Z", "user": 1, "content_type": 32, "object_id": "3", "object_repr": "Fame", "action_flag": 1, "change_message": "[{\"added\": {}}]"}}, {"model": "admin.logentry", "pk": 69, "fields": {"action_time": "2020-06-10T13:22:44.273Z", "user": 1, "content_type": 32, "object_id": "4", "object_repr": "fam", "action_flag": 1, "change_message": "[{\"added\": {}}]"}}, {"model": "admin.logentry", "pk": 70, "fields": {"action_time": "2020-06-10T13:22:50.879Z", "user": 1, "content_type": 32, "object_id": "4", "object_repr": "fame", "action_flag": 2, "change_message": "[{\"changed\": {\"fields\": [\"name\"]}}]"}}, {"model": "admin.logentry", "pk": 71, "fields": {"action_time": "2020-06-10T13:22:54.890Z", "user": 1, "content_type": 29, "object_id": "7", "object_repr": "List object (7)", "action_flag": 2, "change_message": "[{\"added\": {\"name\": \"tagged list\", \"object\": \"List object (7) tagged with Anime\"}}, {\"added\": {\"name\": \"tagged list\", \"object\": \"List object (7) tagged with Ranking\"}}, {\"added\": {\"name\": \"tagged list\", \"object\": \"List object (7) tagged with fame\"}}]"}}, {"model": "admin.logentry", "pk": 72, "fields": {"action_time": "2020-06-10T22:00:10.497Z", "user": 1, "content_type": 29, "object_id": "7", "object_repr": "List object (7)", "action_flag": 2, "change_message": "[{\"changed\": {\"name\": \"tagged list\", \"object\": \"List object (7) tagged with Ranking\", \"fields\": [\"tag\"]}}, {\"changed\": {\"name\": \"tagged list\", \"object\": \"List object (7) tagged with Anime\", \"fields\": [\"tag\"]}}, {\"changed\": {\"name\": \"tagged list\", \"object\": \"List object (7) tagged with Fame\", \"fields\": [\"tag\"]}}]"}}, {"model": "admin.logentry", "pk": 73, "fields": {"action_time": "2020-06-10T22:00:16.508Z", "user": 1, "content_type": 29, "object_id": "7", "object_repr": "List object (7)", "action_flag": 2, "change_message": "[]"}}, {"model": "admin.logentry", "pk": 74, "fields": {"action_time": "2020-06-10T22:00:43.030Z", "user": 1, "content_type": 29, "object_id": "5", "object_repr": "List object (5)", "action_flag": 2, "change_message": "[{\"added\": {\"name\": \"tagged list\", \"object\": \"List object (5) tagged with Ranking\"}}, {\"added\": {\"name\": \"tagged list\", \"object\": \"List object (5) tagged with Fame\"}}]"}}, {"model": "admin.logentry", "pk": 75, "fields": {"action_time": "2020-06-10T22:00:58.283Z", "user": 1, "content_type": 29, "object_id": "4", "object_repr": "List object (4)", "action_flag": 2, "change_message": "[{\"added\": {\"name\": \"tagged list\", \"object\": \"List object (4) tagged with Anime\"}}, {\"added\": {\"name\": \"tagged list\", \"object\": \"List object (4) tagged with Fame\"}}]"}}, {"model": "admin.logentry", "pk": 76, "fields": {"action_time": "2020-06-10T22:01:06.384Z", "user": 1, "content_type": 29, "object_id": "2", "object_repr": "List object (2)", "action_flag": 2, "change_message": "[{\"added\": {\"name\": \"tagged list\", \"object\": \"List object (2) tagged with fame\"}}]"}}, {"model": "admin.logentry", "pk": 77, "fields": {"action_time": "2020-06-10T22:01:15.820Z", "user": 1, "content_type": 29, "object_id": "3", "object_repr": "List object (3)", "action_flag": 2, "change_message": "[{\"added\": {\"name\": \"tagged list\", \"object\": \"List object (3) tagged with Ranking\"}}]"}}, {"model": "admin.logentry", "pk": 78, "fields": {"action_time": "2020-06-16T16:04:21.301Z", "user": 1, "content_type": 18, "object_id": "58", "object_repr": "Re:Zero kara Hajimeru Isekai Seikatsu 2nd Season", "action_flag": 3, "change_message": ""}}, {"model": "admin.logentry", "pk": 79, "fields": {"action_time": "2020-06-16T16:05:29.550Z", "user": 1, "content_type": 18, "object_id": "59", "object_repr": "Re:Zero kara Hajimeru Isekai Seikatsu 2nd Season", "action_flag": 3, "change_message": ""}}, {"model": "admin.logentry", "pk": 80, "fields": {"action_time": "2020-06-16T16:14:13.619Z", "user": 1, "content_type": 18, "object_id": "60", "object_repr": "Re:Zero kara Hajimeru Isekai Seikatsu 2nd Season", "action_flag": 3, "change_message": ""}}, {"model": "admin.logentry", "pk": 81, "fields": {"action_time": "2020-06-17T08:12:49.545Z", "user": 1, "content_type": 18, "object_id": "61", "object_repr": "Re:Zero kara Hajimeru Isekai Seikatsu 2nd Season", "action_flag": 3, "change_message": ""}}, {"model": "admin.logentry", "pk": 82, "fields": {"action_time": "2020-06-17T08:12:49.569Z", "user": 1, "content_type": 18, "object_id": "62", "object_repr": "Kimetsu no Yaiba Movie: Mugen Ressha-hen", "action_flag": 3, "change_message": ""}}, {"model": "admin.logentry", "pk": 83, "fields": {"action_time": "2020-06-17T08:12:49.571Z", "user": 1, "content_type": 18, "object_id": "63", "object_repr": "Yahari Ore no Seishun Love Comedy wa Machigatteiru. Kan", "action_flag": 3, "change_message": ""}}, {"model": "admin.logentry", "pk": 84, "fields": {"action_time": "2020-06-17T08:12:49.576Z", "user": 1, "content_type": 18, "object_id": "64", "object_repr": "Yakusoku no Neverland 2nd SeasonThe Promised Neverland 2nd Season", "action_flag": 3, "change_message": ""}}, {"model": "admin.logentry", "pk": 85, "fields": {"action_time": "2020-06-17T08:12:49.581Z", "user": 1, "content_type": 18, "object_id": "65", "object_repr": "Evangelion: 3.0+1.0Evangelion: 3.0+1.0 Thrice Upon a Time", "action_flag": 3, "change_message": ""}}, {"model": "admin.logentry", "pk": 86, "fields": {"action_time": "2020-06-19T22:08:10.601Z", "user": 1, "content_type": 18, "object_id": "70", "object_repr": "Evangelion: 3.0+1.0Evangelion: 3.0+1.0 Thrice Upon a Time", "action_flag": 2, "change_message": "[{\"changed\": {\"fields\": [\"other_names\", \"alias\"]}}]"}}, {"model": "admin.logentry", "pk": 87, "fields": {"action_time": "2020-06-19T22:12:04.707Z", "user": 1, "content_type": 18, "object_id": "69", "object_repr": "Yakusoku no Neverland 2nd Season: The Promised Neverland 2nd Season", "action_flag": 2, "change_message": "[{\"changed\": {\"fields\": [\"title\", \"other_names\", \"slug\"]}}]"}}, {"model": "admin.logentry", "pk": 88, "fields": {"action_time": "2020-06-29T14:00:54.108Z", "user": 1, "content_type": 33, "object_id": "1", "object_repr": "Webtoons", "action_flag": 1, "change_message": "[{\"added\": {}}]"}}, {"model": "admin.logentry", "pk": 89, "fields": {"action_time": "2020-06-29T14:02:24.684Z", "user": 1, "content_type": 18, "object_id": "47", "object_repr": "Tower Of God", "action_flag": 2, "change_message": "[{\"changed\": {\"fields\": [\"author\", \"description\"]}}, {\"added\": {\"name\": \"source link\", \"object\": \"SourceLink object (1)\"}}]"}}, {"model": "admin.logentry", "pk": 90, "fields": {"action_time": "2020-06-30T13:18:09.107Z", "user": 1, "content_type": 33, "object_id": "2", "object_repr": "Mangaread", "action_flag": 1, "change_message": "[{\"added\": {}}]"}}, {"model": "admin.logentry", "pk": 91, "fields": {"action_time": "2020-06-30T13:19:00.833Z", "user": 1, "content_type": 33, "object_id": "3", "object_repr": "Viz Media", "action_flag": 1, "change_message": "[{\"added\": {}}]"}}, {"model": "admin.logentry", "pk": 92, "fields": {"action_time": "2020-06-30T13:36:45.466Z", "user": 1, "content_type": 33, "object_id": "4", "object_repr": "Comixology", "action_flag": 1, "change_message": "[{\"added\": {}}]"}}, {"model": "admin.logentry", "pk": 93, "fields": {"action_time": "2020-06-30T13:44:56.120Z", "user": 1, "content_type": 18, "object_id": "43", "object_repr": "Kimetsu No Yaiba", "action_flag": 2, "change_message": "[{\"changed\": {\"fields\": [\"author\", \"description\"]}}, {\"added\": {\"name\": \"source link\", \"object\": \"SourceLink object (2)\"}}, {\"added\": {\"name\": \"source link\", \"object\": \"SourceLink object (3)\"}}]"}}, {"model": "admin.logentry", "pk": 94, "fields": {"action_time": "2020-07-02T17:41:27.405Z", "user": 1, "content_type": 33, "object_id": "3", "object_repr": "Viz Media", "action_flag": 2, "change_message": "[{\"changed\": {\"fields\": [\"image\"]}}]"}}, {"model": "admin.logentry", "pk": 95, "fields": {"action_time": "2020-07-02T18:49:08.221Z", "user": 1, "content_type": 33, "object_id": "3", "object_repr": "Viz Media", "action_flag": 2, "change_message": "[{\"changed\": {\"fields\": [\"image\"]}}]"}}, {"model": "admin.logentry", "pk": 96, "fields": {"action_time": "2020-07-02T18:51:17.779Z", "user": 1, "content_type": 33, "object_id": "3", "object_repr": "Viz Media", "action_flag": 2, "change_message": "[{\"changed\": {\"fields\": [\"image\"]}}]"}}, {"model": "admin.logentry", "pk": 97, "fields": {"action_time": "2020-07-02T18:53:49.588Z", "user": 1, "content_type": 33, "object_id": "3", "object_repr": "Viz Media", "action_flag": 2, "change_message": "[{\"changed\": {\"fields\": [\"image\"]}}]"}}, {"model": "admin.logentry", "pk": 98, "fields": {"action_time": "2020-07-03T12:20:33.657Z", "user": 1, "content_type": 33, "object_id": "2", "object_repr": "Mangaread", "action_flag": 2, "change_message": "[{\"changed\": {\"fields\": [\"image\"]}}]"}}, {"model": "admin.logentry", "pk": 99, "fields": {"action_time": "2020-07-03T12:21:55.528Z", "user": 1, "content_type": 33, "object_id": "5", "object_repr": "Crunchyroll", "action_flag": 1, "change_message": "[{\"added\": {}}]"}}, {"model": "admin.logentry", "pk": 100, "fields": {"action_time": "2020-07-03T12:25:34.202Z", "user": 1, "content_type": 33, "object_id": "6", "object_repr": "funimation", "action_flag": 1, "change_message": "[{\"added\": {}}]"}}, {"model": "admin.logentry", "pk": 101, "fields": {"action_time": "2020-07-03T12:29:23.638Z", "user": 1, "content_type": 33, "object_id": "6", "object_repr": "funimation", "action_flag": 2, "change_message": "[{\"changed\": {\"fields\": [\"image\"]}}]"}}, {"model": "admin.logentry", "pk": 102, "fields": {"action_time": "2020-07-03T12:34:36.775Z", "user": 1, "content_type": 33, "object_id": "7", "object_repr": "Animepahe", "action_flag": 1, "change_message": "[{\"added\": {}}]"}}, {"model": "admin.logentry", "pk": 103, "fields": {"action_time": "2020-07-03T12:34:50.178Z", "user": 1, "content_type": 33, "object_id": "6", "object_repr": "Funimation", "action_flag": 2, "change_message": "[{\"changed\": {\"fields\": [\"name\"]}}]"}}, {"model": "admin.logentry", "pk": 104, "fields": {"action_time": "2020-07-03T12:44:54.023Z", "user": 1, "content_type": 33, "object_id": "8", "object_repr": "Tapas", "action_flag": 1, "change_message": "[{\"added\": {}}]"}}, {"model": "admin.logentry", "pk": 105, "fields": {"action_time": "2020-07-15T08:50:07.099Z", "user": 1, "content_type": 20, "object_id": "10", "object_repr": "Review object (10)", "action_flag": 3, "change_message": ""}}, {"model": "admin.logentry", "pk": 106, "fields": {"action_time": "2020-07-31T16:12:14.456Z", "user": 1, "content_type": 35, "object_id": "1", "object_repr": "Announcement object (1)", "action_flag": 1, "change_message": "[{\"added\": {}}]"}}, {"model": "admin.logentry", "pk": 107, "fields": {"action_time": "2020-07-31T16:12:39.933Z", "user": 1, "content_type": 35, "object_id": "2", "object_repr": "Announcement object (2)", "action_flag": 1, "change_message": "[{\"added\": {}}]"}}, {"model": "admin.logentry", "pk": 108, "fields": {"action_time": "2020-07-31T16:12:50.207Z", "user": 1, "content_type": 35, "object_id": "3", "object_repr": "Announcement object (3)", "action_flag": 1, "change_message": "[{\"added\": {}}]"}}, {"model": "admin.logentry", "pk": 109, "fields": {"action_time": "2020-07-31T16:13:01.593Z", "user": 1, "content_type": 35, "object_id": "4", "object_repr": "Announcement object (4)", "action_flag": 1, "change_message": "[{\"added\": {}}]"}}, {"model": "admin.logentry", "pk": 110, "fields": {"action_time": "2020-07-31T16:13:11.858Z", "user": 1, "content_type": 35, "object_id": "5", "object_repr": "Announcement object (5)", "action_flag": 1, "change_message": "[{\"added\": {}}]"}}, {"model": "admin.logentry", "pk": 111, "fields": {"action_time": "2020-07-31T16:13:30.745Z", "user": 1, "content_type": 35, "object_id": "6", "object_repr": "Announcement object (6)", "action_flag": 1, "change_message": "[{\"added\": {}}]"}}, {"model": "admin.logentry", "pk": 112, "fields": {"action_time": "2020-07-31T16:19:10.531Z", "user": 1, "content_type": 35, "object_id": "5", "object_repr": "Test of html", "action_flag": 2, "change_message": "[{\"changed\": {\"fields\": [\"title\", \"content\"]}}]"}}, {"model": "admin.logentry", "pk": 113, "fields": {"action_time": "2020-07-31T18:09:44.587Z", "user": 1, "content_type": 35, "object_id": "6", "object_repr": "hehe, I love Elitemanga", "action_flag": 2, "change_message": "[{\"changed\": {\"fields\": [\"title\", \"slug\"]}}]"}}, {"model": "admin.logentry", "pk": 114, "fields": {"action_time": "2020-07-31T18:10:23.093Z", "user": 1, "content_type": 35, "object_id": "5", "object_repr": "Test of html", "action_flag": 2, "change_message": "[{\"changed\": {\"fields\": [\"slug\"]}}]"}}, {"model": "admin.logentry", "pk": 115, "fields": {"action_time": "2020-07-31T18:10:32.963Z", "user": 1, "content_type": 35, "object_id": "4", "object_repr": "jajoiwjifaejsakdllllllllllllllwamosmoijoajpoijzksdnamwkfm", "action_flag": 2, "change_message": "[{\"changed\": {\"fields\": [\"slug\"]}}]"}}, {"model": "admin.logentry", "pk": 116, "fields": {"action_time": "2020-07-31T18:10:43.742Z", "user": 1, "content_type": 35, "object_id": "3", "object_repr": "jiajoiwjefajioajsiakzknidifjadf", "action_flag": 2, "change_message": "[{\"changed\": {\"fields\": [\"slug\"]}}]"}}, {"model": "admin.logentry", "pk": 117, "fields": {"action_time": "2020-07-31T18:13:06.243Z", "user": 1, "content_type": 35, "object_id": "2", "object_repr": "ajwefjaiwjfialsnkjsajiojweifijaowejiwae", "action_flag": 2, "change_message": "[{\"changed\": {\"fields\": [\"slug\"]}}]"}}, {"model": "admin.logentry", "pk": 118, "fields": {"action_time": "2020-07-31T18:13:52.940Z", "user": 1, "content_type": 35, "object_id": "1", "object_repr": "Welcome to Elitemanga", "action_flag": 2, "change_message": "[{\"changed\": {\"fields\": [\"slug\"]}}]"}}, {"model": "admin.logentry", "pk": 119, "fields": {"action_time": "2020-08-08T15:04:18.354Z", "user": 1, "content_type": 35, "object_id": "7", "object_repr": "the first new", "action_flag": 1, "change_message": "[{\"added\": {}}]"}}, {"model": "admin.logentry", "pk": 152, "fields": {"action_time": "2020-08-08T19:59:44.543Z", "user": 1, "content_type": 35, "object_id": "40", "object_repr": "shakara is the way", "action_flag": 1, "change_message": "[{\"added\": {}}]"}}, {"model": "admin.logentry", "pk": 153, "fields": {"action_time": "2020-08-13T12:01:24.874Z", "user": 1, "content_type": 6, "object_id": "1", "object_repr": "elitemanga.net", "action_flag": 2, "change_message": "[{\"changed\": {\"fields\": [\"domain\", \"name\"]}}]"}}, {"model": "admin.logentry", "pk": 154, "fields": {"action_time": "2020-08-13T12:02:47.858Z", "user": 1, "content_type": 10, "object_id": "1", "object_repr": "Google", "action_flag": 1, "change_message": "[{\"added\": {}}]"}}, {"model": "admin.logentry", "pk": 155, "fields": {"action_time": "2020-08-13T12:11:21.809Z", "user": 1, "content_type": 6, "object_id": "2", "object_repr": "localhost:8000", "action_flag": 1, "change_message": "[{\"added\": {}}]"}}, {"model": "admin.logentry", "pk": 156, "fields": {"action_time": "2020-08-13T12:11:34.610Z", "user": 1, "content_type": 10, "object_id": "1", "object_repr": "Google", "action_flag": 2, "change_message": "[{\"changed\": {\"fields\": [\"sites\"]}}]"}}, {"model": "admin.logentry", "pk": 157, "fields": {"action_time": "2020-08-13T21:19:48.437Z", "user": 1, "content_type": 10, "object_id": "2", "object_repr": "Facebook", "action_flag": 1, "change_message": "[{\"added\": {}}]"}}, {"model": "admin.logentry", "pk": 158, "fields": {"action_time": "2020-08-14T15:22:09.036Z", "user": 1, "content_type": 7, "object_id": "11", "object_repr": "airenov500@gmail.com (IsraelAire)", "action_flag": 2, "change_message": "[{\"changed\": {\"fields\": [\"verified\"]}}]"}}, {"model": "admin.logentry", "pk": 159, "fields": {"action_time": "2020-08-14T17:58:05.481Z", "user": 1, "content_type": 22, "object_id": "13", "object_repr": "Israel Aire", "action_flag": 3, "change_message": ""}}, {"model": "admin.logentry", "pk": 160, "fields": {"action_time": "2020-08-14T18:15:02.782Z", "user": 1, "content_type": 22, "object_id": "17", "object_repr": "Israel", "action_flag": 3, "change_message": ""}}, {"model": "admin.logentry", "pk": 161, "fields": {"action_time": "2020-08-14T18:47:32.586Z", "user": 1, "content_type": 22, "object_id": "18", "object_repr": "Davidoeueufu", "action_flag": 3, "change_message": ""}}, {"model": "admin.logentry", "pk": 162, "fields": {"action_time": "2020-08-14T19:04:54.074Z", "user": 1, "content_type": 7, "object_id": "18", "object_repr": "airenov2000@gmail.com (aijajeiwjioj)", "action_flag": 3, "change_message": ""}}, {"model": "admin.logentry", "pk": 163, "fields": {"action_time": "2020-08-14T19:07:01.771Z", "user": 1, "content_type": 22, "object_id": "19", "object_repr": "aijajeiwjioj", "action_flag": 3, "change_message": ""}}, {"model": "admin.logentry", "pk": 164, "fields": {"action_time": "2020-08-15T16:11:35.290Z", "user": 1, "content_type": 36, "object_id": "1", "object_repr": "Campaign object (1)", "action_flag": 1, "change_message": "[{\"added\": {}}]"}}, {"model": "admin.logentry", "pk": 165, "fields": {"action_time": "2020-08-15T16:17:00.162Z", "user": 1, "content_type": 37, "object_id": "1", "object_repr": "Referral object (1)", "action_flag": 1, "change_message": "[{\"added\": {}}]"}}, {"model": "admin.logentry", "pk": 166, "fields": {"action_time": "2020-08-15T16:36:29.977Z", "user": 1, "content_type": 37, "object_id": "1", "object_repr": "Referral object (1)", "action_flag": 3, "change_message": ""}}, {"model": "admin.logentry", "pk": 167, "fields": {"action_time": "2020-08-16T10:52:59.673Z", "user": 1, "content_type": 22, "object_id": "20", "object_repr": "Israeltwick", "action_flag": 2, "change_message": "[{\"changed\": {\"fields\": [\"username\"]}}]"}}, {"model": "admin.logentry", "pk": 168, "fields": {"action_time": "2020-08-16T12:38:12.973Z", "user": 1, "content_type": 22, "object_id": "1", "object_repr": "IsraelAire", "action_flag": 2, "change_message": "[]"}}, {"model": "admin.logentry", "pk": 169, "fields": {"action_time": "2020-08-16T12:38:41.049Z", "user": 1, "content_type": 22, "object_id": "1", "object_repr": "IsraelAire", "action_flag": 2, "change_message": "[]"}}, {"model": "admin.logentry", "pk": 170, "fields": {"action_time": "2020-08-16T13:45:01.484Z", "user": 1, "content_type": 37, "object_id": "3", "object_repr": "Referral object (3)", "action_flag": 3, "change_message": ""}}, {"model": "admin.logentry", "pk": 171, "fields": {"action_time": "2020-08-16T15:47:44.645Z", "user": 1, "content_type": 37, "object_id": "2", "object_repr": "Referral object (2)", "action_flag": 3, "change_message": ""}}, {"model": "admin.logentry", "pk": 172, "fields": {"action_time": "2020-08-16T16:08:53.845Z", "user": 1, "content_type": 23, "object_id": "2", "object_repr": "IsraelAire's profile", "action_flag": 2, "change_message": "[{\"changed\": {\"fields\": [\"username\"]}}]"}}, {"model": "admin.logentry", "pk": 173, "fields": {"action_time": "2020-08-17T16:57:05.752Z", "user": 1, "content_type": 23, "object_id": "2", "object_repr": "IsraelAire's profile", "action_flag": 2, "change_message": "[{\"changed\": {\"fields\": [\"username\"]}}]"}}, {"model": "admin.logentry", "pk": 174, "fields": {"action_time": "2020-08-18T21:05:57.049Z", "user": 1, "content_type": 36, "object_id": "1", "object_repr": "Campaign object (1)", "action_flag": 2, "change_message": "[{\"changed\": {\"fields\": [\"is_active\"]}}]"}}, {"model": "admin.logentry", "pk": 175, "fields": {"action_time": "2020-08-18T21:50:46.910Z", "user": 1, "content_type": 23, "object_id": "20", "object_repr": "IsraelAire_2's profile", "action_flag": 2, "change_message": "[{\"changed\": {\"fields\": [\"username\"]}}]"}}, {"model": "admin.logentry", "pk": 176, "fields": {"action_time": "2020-08-18T21:52:41.272Z", "user": 1, "content_type": 37, "object_id": "5", "object_repr": "Referral object (5)", "action_flag": 3, "change_message": ""}}, {"model": "admin.logentry", "pk": 177, "fields": {"action_time": "2020-08-18T21:52:48.071Z", "user": 1, "content_type": 37, "object_id": "4", "object_repr": "Referral object (4)", "action_flag": 3, "change_message": ""}}, {"model": "admin.logentry", "pk": 178, "fields": {"action_time": "2020-08-18T21:53:04.598Z", "user": 1, "content_type": 23, "object_id": "20", "object_repr": "IsraelAire_2's profile", "action_flag": 2, "change_message": "[{\"changed\": {\"fields\": [\"is_referred\"]}}]"}}, {"model": "admin.logentry", "pk": 179, "fields": {"action_time": "2020-08-18T21:53:14.209Z", "user": 1, "content_type": 23, "object_id": "2", "object_repr": "IsraelAire's profile", "action_flag": 2, "change_message": "[{\"changed\": {\"fields\": [\"is_referred\"]}}]"}}, {"model": "admin.logentry", "pk": 180, "fields": {"action_time": "2020-08-18T21:54:12.766Z", "user": 1, "content_type": 23, "object_id": "20", "object_repr": "IsraelAire_2's profile", "action_flag": 2, "change_message": "[{\"changed\": {\"fields\": [\"is_referred\"]}}]"}}, {"model": "admin.logentry", "pk": 181, "fields": {"action_time": "2020-08-18T21:54:30.338Z", "user": 1, "content_type": 37, "object_id": "6", "object_repr": "Referral object (6)", "action_flag": 3, "change_message": ""}}, {"model": "admin.logentry", "pk": 182, "fields": {"action_time": "2020-08-20T13:34:33.829Z", "user": 1, "content_type": 18, "object_id": "46", "object_repr": "Solo Leveling", "action_flag": 2, "change_message": "[{\"changed\": {\"fields\": [\"author\", \"description\", \"reviewed\"]}}, {\"added\": {\"name\": \"elitemanga review\", \"object\": \"ElitemangaReview object (2)\"}}]"}}, {"model": "admin.logentry", "pk": 183, "fields": {"action_time": "2020-08-20T13:35:33.285Z", "user": 1, "content_type": 18, "object_id": "46", "object_repr": "Solo Leveling", "action_flag": 2, "change_message": "[{\"changed\": {\"fields\": [\"rank\"]}}]"}}, {"model": "admin.logentry", "pk": 184, "fields": {"action_time": "2020-08-20T14:18:15.941Z", "user": 1, "content_type": 18, "object_id": "43", "object_repr": "Kimetsu No Yaiba", "action_flag": 2, "change_message": "[{\"changed\": {\"fields\": [\"rank\"]}}, {\"added\": {\"name\": \"elitemanga review\", \"object\": \"ElitemangaReview object (3)\"}}]"}}, {"model": "admin.logentry", "pk": 185, "fields": {"action_time": "2020-08-20T14:24:12.025Z", "user": 1, "content_type": 18, "object_id": "44", "object_repr": "Boku No Hero Academia", "action_flag": 2, "change_message": "[{\"changed\": {\"fields\": [\"author\"]}}, {\"added\": {\"name\": \"elitemanga review\", \"object\": \"ElitemangaReview object (4)\"}}]"}}, {"model": "admin.logentry", "pk": 186, "fields": {"action_time": "2020-08-20T17:21:47.776Z", "user": 1, "content_type": 18, "object_id": "51", "object_repr": "Onepunch-Man", "action_flag": 2, "change_message": "[{\"changed\": {\"fields\": [\"author\", \"description\"]}}, {\"added\": {\"name\": \"elitemanga review\", \"object\": \"ElitemangaReview object (5)\"}}]"}}, {"model": "admin.logentry", "pk": 219, "fields": {"action_time": "2020-08-20T19:41:08.067Z", "user": 1, "content_type": 18, "object_id": "43", "object_repr": "Kimetsu No Yaiba", "action_flag": 2, "change_message": "[{\"changed\": {\"fields\": [\"reviewed\"]}}]"}}, {"model": "admin.logentry", "pk": 220, "fields": {"action_time": "2020-08-20T19:44:25.089Z", "user": 1, "content_type": 18, "object_id": "46", "object_repr": "Solo Leveling", "action_flag": 2, "change_message": "[{\"changed\": {\"fields\": [\"description\"]}}]"}}, {"model": "admin.logentry", "pk": 221, "fields": {"action_time": "2020-08-20T19:59:09.057Z", "user": 1, "content_type": 18, "object_id": "44", "object_repr": "Boku No Hero Academia", "action_flag": 2, "change_message": "[{\"changed\": {\"fields\": [\"description\"]}}, {\"changed\": {\"name\": \"elitemanga review\", \"object\": \"ElitemangaReview object (4)\", \"fields\": [\"plot\", \"characters\", \"characters_score\", \"quality\", \"quality_score\", \"remark\", \"total_score\"]}}]"}}, {"model": "admin.logentry", "pk": 222, "fields": {"action_time": "2020-08-20T19:59:30.676Z", "user": 1, "content_type": 18, "object_id": "44", "object_repr": "Boku No Hero Academia", "action_flag": 2, "change_message": "[{\"changed\": {\"fields\": [\"rank\"]}}]"}}, {"model": "admin.logentry", "pk": 223, "fields": {"action_time": "2020-08-21T08:23:42.759Z", "user": 1, "content_type": 18, "object_id": "53", "object_repr": "Death Note", "action_flag": 2, "change_message": "[{\"changed\": {\"fields\": [\"author\", \"status\", \"rank\"]}}, {\"added\": {\"name\": \"elitemanga review\", \"object\": \"ElitemangaReview object (38)\"}}]"}}, {"model": "admin.logentry", "pk": 224, "fields": {"action_time": "2020-08-21T09:25:33.053Z", "user": 1, "content_type": 18, "object_id": "53", "object_repr": "Death Note", "action_flag": 2, "change_message": "[{\"changed\": {\"name\": \"elitemanga review\", \"object\": \"ElitemangaReview object (38)\", \"fields\": [\"characters\", \"remark\"]}}]"}}, {"model": "admin.logentry", "pk": 225, "fields": {"action_time": "2020-08-21T09:33:04.970Z", "user": 1, "content_type": 18, "object_id": "51", "object_repr": "Onepunch-Man", "action_flag": 2, "change_message": "[{\"changed\": {\"name\": \"elitemanga review\", \"object\": \"ElitemangaReview object (5)\", \"fields\": [\"moment\", \"moment_score\", \"characters\", \"characters_score\", \"quality\", \"quality_score\"]}}]"}}, {"model": "admin.logentry", "pk": 226, "fields": {"action_time": "2020-08-21T09:34:17.724Z", "user": 1, "content_type": 18, "object_id": "51", "object_repr": "Onepunch-Man", "action_flag": 2, "change_message": "[{\"changed\": {\"fields\": [\"description\"]}}]"}}, {"model": "admin.logentry", "pk": 227, "fields": {"action_time": "2020-08-21T13:09:22.224Z", "user": 1, "content_type": 18, "object_id": "48", "object_repr": "Fullmetal Alchemist", "action_flag": 2, "change_message": "[{\"changed\": {\"fields\": [\"author\", \"description\", \"status\", \"rank\", \"reviewed\"]}}, {\"added\": {\"name\": \"elitemanga review\", \"object\": \"ElitemangaReview object (39)\"}}]"}}, {"model": "admin.logentry", "pk": 228, "fields": {"action_time": "2020-08-21T13:19:32.978Z", "user": 1, "content_type": 18, "object_id": "52", "object_repr": "Koe No Katachi", "action_flag": 2, "change_message": "[{\"changed\": {\"fields\": [\"author\", \"description\", \"status\", \"reviewed\"]}}, {\"added\": {\"name\": \"elitemanga review\", \"object\": \"ElitemangaReview object (40)\"}}]"}}, {"model": "admin.logentry", "pk": 229, "fields": {"action_time": "2020-08-22T14:41:59.836Z", "user": 1, "content_type": 18, "object_id": "55", "object_repr": "One Piece", "action_flag": 2, "change_message": "[{\"changed\": {\"fields\": [\"adaptation\"]}}]"}}, {"model": "admin.logentry", "pk": 230, "fields": {"action_time": "2020-08-22T16:53:06.160Z", "user": 1, "content_type": 33, "object_id": "9", "object_repr": "Netflix", "action_flag": 1, "change_message": "[{\"added\": {}}]"}}, {"model": "admin.logentry", "pk": 231, "fields": {"action_time": "2020-08-22T16:57:12.413Z", "user": 1, "content_type": 18, "object_id": "51", "object_repr": "Onepunch-Man 0", "action_flag": 2, "change_message": "[{\"changed\": {\"fields\": [\"rank\"]}}, {\"changed\": {\"name\": \"elitemanga review\", \"object\": \"ElitemangaReview object (5)\", \"fields\": [\"quality\", \"remark\"]}}]"}}, {"model": "admin.logentry", "pk": 232, "fields": {"action_time": "2020-08-22T17:00:14.441Z", "user": 1, "content_type": 18, "object_id": "47", "object_repr": "Tower Of God 0", "action_flag": 2, "change_message": "[{\"changed\": {\"fields\": [\"rank\"]}}, {\"added\": {\"name\": \"elitemanga review\", \"object\": \"ElitemangaReview object (41)\"}}]"}}, {"model": "admin.logentry", "pk": 233, "fields": {"action_time": "2020-08-22T17:06:48.708Z", "user": 1, "content_type": 18, "object_id": "47", "object_repr": "Tower Of God 0", "action_flag": 2, "change_message": "[{\"changed\": {\"name\": \"elitemanga review\", \"object\": \"ElitemangaReview object (41)\", \"fields\": [\"characters\", \"characters_score\", \"quality\"]}}]"}}, {"model": "admin.logentry", "pk": 234, "fields": {"action_time": "2020-08-22T17:28:24.876Z", "user": 1, "content_type": 18, "object_id": "53", "object_repr": "Death Note 0", "action_flag": 2, "change_message": "[{\"changed\": {\"name\": \"elitemanga review\", \"object\": \"ElitemangaReview object (38)\", \"fields\": [\"characters_score\", \"quality_score\"]}}]"}}, {"model": "admin.logentry", "pk": 235, "fields": {"action_time": "2020-08-22T17:33:50.899Z", "user": 1, "content_type": 18, "object_id": "54", "object_repr": "Tensei Shitara Slime Datta Ken 0", "action_flag": 2, "change_message": "[{\"changed\": {\"fields\": [\"author\", \"description\", \"rank\"]}}, {\"added\": {\"name\": \"elitemanga review\", \"object\": \"ElitemangaReview object (42)\"}}]"}}, {"model": "admin.logentry", "pk": 236, "fields": {"action_time": "2020-08-24T11:39:28.582Z", "user": 1, "content_type": 18, "object_id": "57", "object_repr": "The God Of High School 0", "action_flag": 2, "change_message": "[{\"changed\": {\"fields\": [\"author\", \"description\"]}}, {\"added\": {\"name\": \"elitemanga review\", \"object\": \"ElitemangaReview object (43)\"}}]"}}, {"model": "admin.logentry", "pk": 237, "fields": {"action_time": "2020-08-24T14:41:39.638Z", "user": 1, "content_type": 18, "object_id": "55", "object_repr": "One Piece 0", "action_flag": 2, "change_message": "[{\"changed\": {\"name\": \"elitemanga review\", \"object\": \"ElitemangaReview object (1)\", \"fields\": [\"moment\", \"plot\", \"characters\", \"quality\"]}}]"}}, {"model": "admin.logentry", "pk": 238, "fields": {"action_time": "2020-08-24T17:29:26.613Z", "user": 1, "content_type": 18, "object_id": "44", "object_repr": "Boku No Hero Academia 0", "action_flag": 2, "change_message": "[{\"changed\": {\"fields\": [\"reviewed\"]}}]"}}, {"model": "admin.logentry", "pk": 239, "fields": {"action_time": "2020-08-24T17:30:09.536Z", "user": 1, "content_type": 18, "object_id": "51", "object_repr": "Onepunch-Man 0", "action_flag": 2, "change_message": "[{\"changed\": {\"fields\": [\"reviewed\"]}}]"}}, {"model": "admin.logentry", "pk": 240, "fields": {"action_time": "2020-08-24T17:30:21.344Z", "user": 1, "content_type": 18, "object_id": "47", "object_repr": "Tower Of God 0", "action_flag": 2, "change_message": "[{\"changed\": {\"fields\": [\"reviewed\"]}}]"}}, {"model": "admin.logentry", "pk": 241, "fields": {"action_time": "2020-08-24T17:30:35.425Z", "user": 1, "content_type": 18, "object_id": "54", "object_repr": "Tensei Shitara Slime Datta Ken 0", "action_flag": 2, "change_message": "[{\"changed\": {\"fields\": [\"reviewed\"]}}]"}}, {"model": "admin.logentry", "pk": 242, "fields": {"action_time": "2020-08-24T17:30:48.737Z", "user": 1, "content_type": 18, "object_id": "57", "object_repr": "The God Of High School 0", "action_flag": 2, "change_message": "[{\"changed\": {\"fields\": [\"reviewed\"]}}]"}}, {"model": "admin.logentry", "pk": 243, "fields": {"action_time": "2020-08-24T17:31:13.120Z", "user": 1, "content_type": 18, "object_id": "53", "object_repr": "Death Note 0", "action_flag": 2, "change_message": "[{\"changed\": {\"fields\": [\"reviewed\"]}}]"}}, {"model": "admin.logentry", "pk": 244, "fields": {"action_time": "2020-08-25T13:05:06.114Z", "user": 1, "content_type": 18, "object_id": "46", "object_repr": "Solo Leveling 0", "action_flag": 2, "change_message": "[{\"changed\": {\"name\": \"elitemanga review\", \"object\": \"ElitemangaReview object (2)\", \"fields\": [\"moment\", \"plot\"]}}]"}}, {"model": "admin.logentry", "pk": 245, "fields": {"action_time": "2020-08-25T13:08:40.546Z", "user": 1, "content_type": 18, "object_id": "46", "object_repr": "Solo Leveling 0", "action_flag": 2, "change_message": "[{\"changed\": {\"name\": \"elitemanga review\", \"object\": \"ElitemangaReview object (2)\", \"fields\": [\"plot\"]}}]"}}, {"model": "admin.logentry", "pk": 246, "fields": {"action_time": "2020-08-25T13:09:12.379Z", "user": 1, "content_type": 18, "object_id": "46", "object_repr": "Solo Leveling 0", "action_flag": 2, "change_message": "[{\"changed\": {\"name\": \"elitemanga review\", \"object\": \"ElitemangaReview object (2)\", \"fields\": [\"plot_score\"]}}]"}}, {"model": "admin.logentry", "pk": 247, "fields": {"action_time": "2020-08-25T22:18:49.833Z", "user": 1, "content_type": 18, "object_id": "46", "object_repr": "Solo Leveling 0", "action_flag": 2, "change_message": "[{\"changed\": {\"name\": \"elitemanga review\", \"object\": \"ElitemangaReview object (2)\", \"fields\": [\"plot\"]}}]"}}, {"model": "admin.logentry", "pk": 248, "fields": {"action_time": "2020-08-27T16:30:15.245Z", "user": 1, "content_type": 18, "object_id": "46", "object_repr": "Solo Leveling 0", "action_flag": 2, "change_message": "[{\"changed\": {\"name\": \"elitemanga review\", \"object\": \"ElitemangaReview object (2)\", \"fields\": [\"plot\"]}}]"}}, {"model": "admin.logentry", "pk": 249, "fields": {"action_time": "2020-08-28T16:04:31.841Z", "user": 1, "content_type": 18, "object_id": "46", "object_repr": "Solo Leveling 0", "action_flag": 2, "change_message": "[{\"changed\": {\"name\": \"elitemanga review\", \"object\": \"ElitemangaReview object (2)\", \"fields\": [\"plot_score\", \"characters\", \"quality\"]}}]"}}, {"model": "admin.logentry", "pk": 250, "fields": {"action_time": "2020-08-29T12:36:58.504Z", "user": 1, "content_type": 18, "object_id": "46", "object_repr": "Solo Leveling 0", "action_flag": 2, "change_message": "[{\"changed\": {\"name\": \"elitemanga review\", \"object\": \"ElitemangaReview object (2)\", \"fields\": [\"quality\", \"remark\"]}}]"}}, {"model": "admin.logentry", "pk": 251, "fields": {"action_time": "2020-08-29T18:51:32.363Z", "user": 1, "content_type": 18, "object_id": "43", "object_repr": "Kimetsu No Yaiba 0", "action_flag": 2, "change_message": "[{\"changed\": {\"fields\": [\"description\"]}}, {\"changed\": {\"name\": \"elitemanga review\", \"object\": \"ElitemangaReview object (3)\", \"fields\": [\"moment\"]}}]"}}, {"model": "admin.logentry", "pk": 252, "fields": {"action_time": "2020-08-29T19:14:28.533Z", "user": 1, "content_type": 18, "object_id": "43", "object_repr": "Kimetsu No Yaiba 0", "action_flag": 2, "change_message": "[{\"changed\": {\"name\": \"elitemanga review\", \"object\": \"ElitemangaReview object (3)\", \"fields\": [\"plot\", \"plot_score\"]}}]"}}, {"model": "admin.logentry", "pk": 253, "fields": {"action_time": "2020-08-31T16:59:42.297Z", "user": 1, "content_type": 18, "object_id": "55", "object_repr": "One Piece 0", "action_flag": 2, "change_message": "[]"}}, {"model": "admin.logentry", "pk": 254, "fields": {"action_time": "2020-09-01T12:40:16.085Z", "user": 1, "content_type": 18, "object_id": "43", "object_repr": "Kimetsu No Yaiba 0", "action_flag": 2, "change_message": "[{\"changed\": {\"name\": \"elitemanga review\", \"object\": \"ElitemangaReview object (3)\", \"fields\": [\"plot_score\", \"characters\", \"quality\"]}}]"}}, {"model": "admin.logentry", "pk": 255, "fields": {"action_time": "2020-09-01T12:41:08.264Z", "user": 1, "content_type": 18, "object_id": "43", "object_repr": "Kimetsu No Yaiba 0", "action_flag": 2, "change_message": "[]"}}]